TBBmalloc: skip allocation functions replacement in ucrtbase.dll: unknown prologue for function _msize
Info: *******************************************************************
Info: Running Quartus Prime Shell
    Info: Version 23.1std.0 Build 991 11/28/2023 Patches 0.02std SC Lite Edition
    Info: Copyright (C) 2023  Intel Corporation. All rights reserved.
    Info: Your use of Intel Corporation's design tools, logic functions 
    Info: and other software and tools, and any partner logic 
    Info: functions, and any output files from any of the foregoing 
    Info: (including device programming or simulation files), and any 
    Info: associated documentation or information are expressly subject 
    Info: to the terms and conditions of the Intel Program License 
    Info: Subscription Agreement, the Intel Quartus Prime License Agreement,
    Info: the Intel FPGA IP License Agreement, or other applicable license
    Info: agreement, including, without limitation, that your use is for
    Info: the sole purpose of programming logic devices manufactured by
    Info: Intel and sold by Intel or its authorized distributors.  Please
    Info: refer to the applicable agreement for further details, at
    Info: https://fpgasoftware.intel.com/eula.
    Info: Processing started: Thu Jun  4 10:12:14 2026
Info: Command: quartus_sh --flow compile E:/Main/JuniorII/NonExam/FPGA/DE2Extra/par/de2os/de2os.qpf -c de2os
Info: Quartus(args): compile E:/Main/JuniorII/NonExam/FPGA/DE2Extra/par/de2os/de2os.qpf -c de2os
Info: Project Name = E:/Main/JuniorII/NonExam/FPGA/DE2Extra/par/de2os/de2os
Info: Revision Name = de2os
Info: *******************************************************************
Info: Running Quartus Prime Analysis & Synthesis
    Info: Version 23.1std.0 Build 991 11/28/2023 Patches 0.02std SC Lite Edition
    Info: Processing started: Thu Jun  4 10:12:17 2026
Info: Command: quartus_map --read_settings_files=on --write_settings_files=off de2os -c de2os
Info (20032): Parallel compilation is enabled and will use up to 8 processors
Info (12021): Found 2 design units, including 0 entities, in source file /main/juniorii/nonexam/fpga/de2extra/src/rtl/lib/de2extra_pkg.vhd
    Info (12022): Found design unit 1: de2extra_pkg File: E:/Main/JuniorII/NonExam/FPGA/DE2Extra/src/rtl/lib/de2extra_pkg.vhd Line: 5
    Info (12022): Found design unit 2: de2extra_pkg-body File: E:/Main/JuniorII/NonExam/FPGA/DE2Extra/src/rtl/lib/de2extra_pkg.vhd Line: 64
Info (12021): Found 1 design units, including 0 entities, in source file /main/juniorii/nonexam/fpga/de2extra/src/rtl/lib/build_info_pkg.vhd
    Info (12022): Found design unit 1: build_info_pkg File: E:/Main/JuniorII/NonExam/FPGA/DE2Extra/src/rtl/lib/build_info_pkg.vhd Line: 4
Info (12021): Found 2 design units, including 1 entities, in source file /main/juniorii/nonexam/fpga/de2extra/src/rtl/glue/clk_rst_gen.vhd
    Info (12022): Found design unit 1: clk_rst_gen-rtl File: E:/Main/JuniorII/NonExam/FPGA/DE2Extra/src/rtl/glue/clk_rst_gen.vhd Line: 25
    Info (12023): Found entity 1: clk_rst_gen File: E:/Main/JuniorII/NonExam/FPGA/DE2Extra/src/rtl/glue/clk_rst_gen.vhd Line: 10
Info (12021): Found 2 design units, including 1 entities, in source file /main/juniorii/nonexam/fpga/de2extra/src/rtl/neorv32_wrapper.vhd
    Info (12022): Found design unit 1: neorv32_wrapper-rtl File: E:/Main/JuniorII/NonExam/FPGA/DE2Extra/src/rtl/neorv32_wrapper.vhd Line: 57
    Info (12023): Found entity 1: neorv32_wrapper File: E:/Main/JuniorII/NonExam/FPGA/DE2Extra/src/rtl/neorv32_wrapper.vhd Line: 13
Info (12021): Found 2 design units, including 1 entities, in source file /main/juniorii/nonexam/fpga/de2extra/src/rtl/periph/seg7_mapper.vhd
    Info (12022): Found design unit 1: seg7_mapper-rtl File: E:/Main/JuniorII/NonExam/FPGA/DE2Extra/src/rtl/periph/seg7_mapper.vhd Line: 20
    Info (12023): Found entity 1: seg7_mapper File: E:/Main/JuniorII/NonExam/FPGA/DE2Extra/src/rtl/periph/seg7_mapper.vhd Line: 10
Info (12021): Found 2 design units, including 1 entities, in source file /main/juniorii/nonexam/fpga/de2extra/src/rtl/periph/sdram_ctrl.vhd
    Info (12022): Found design unit 1: sdram_ctrl-rtl File: E:/Main/JuniorII/NonExam/FPGA/DE2Extra/src/rtl/periph/sdram_ctrl.vhd Line: 68
    Info (12023): Found entity 1: sdram_ctrl File: E:/Main/JuniorII/NonExam/FPGA/DE2Extra/src/rtl/periph/sdram_ctrl.vhd Line: 20
Info (12021): Found 2 design units, including 1 entities, in source file /main/juniorii/nonexam/fpga/de2extra/src/rtl/periph/async_fifo.vhd
    Info (12022): Found design unit 1: async_fifo-rtl File: E:/Main/JuniorII/NonExam/FPGA/DE2Extra/src/rtl/periph/async_fifo.vhd Line: 33
    Info (12023): Found entity 1: async_fifo File: E:/Main/JuniorII/NonExam/FPGA/DE2Extra/src/rtl/periph/async_fifo.vhd Line: 11
Info (12021): Found 2 design units, including 1 entities, in source file /main/juniorii/nonexam/fpga/de2extra/src/rtl/bus/wb_intercon.vhd
    Info (12022): Found design unit 1: wb_intercon-rtl File: E:/Main/JuniorII/NonExam/FPGA/DE2Extra/src/rtl/bus/wb_intercon.vhd Line: 123
    Info (12023): Found entity 1: wb_intercon File: E:/Main/JuniorII/NonExam/FPGA/DE2Extra/src/rtl/bus/wb_intercon.vhd Line: 8
Info (12021): Found 2 design units, including 1 entities, in source file /main/juniorii/nonexam/fpga/de2extra/src/rtl/periph/lcd_status.vhd
    Info (12022): Found design unit 1: lcd_status-rtl File: E:/Main/JuniorII/NonExam/FPGA/DE2Extra/src/rtl/periph/lcd_status.vhd Line: 37
    Info (12023): Found entity 1: lcd_status File: E:/Main/JuniorII/NonExam/FPGA/DE2Extra/src/rtl/periph/lcd_status.vhd Line: 23
Info (12021): Found 2 design units, including 1 entities, in source file /main/juniorii/nonexam/fpga/de2extra/src/rtl/periph/ps2_sync.vhd
    Info (12022): Found design unit 1: ps2_sync-rtl File: E:/Main/JuniorII/NonExam/FPGA/DE2Extra/src/rtl/periph/ps2_sync.vhd Line: 18
    Info (12023): Found entity 1: ps2_sync File: E:/Main/JuniorII/NonExam/FPGA/DE2Extra/src/rtl/periph/ps2_sync.vhd Line: 7
Info (12021): Found 2 design units, including 1 entities, in source file /main/juniorii/nonexam/fpga/de2extra/src/rtl/periph/ps2_receiver.vhd
    Info (12022): Found design unit 1: ps2_receiver-rtl File: E:/Main/JuniorII/NonExam/FPGA/DE2Extra/src/rtl/periph/ps2_receiver.vhd Line: 18
    Info (12023): Found entity 1: ps2_receiver File: E:/Main/JuniorII/NonExam/FPGA/DE2Extra/src/rtl/periph/ps2_receiver.vhd Line: 7
Info (12021): Found 2 design units, including 1 entities, in source file /main/juniorii/nonexam/fpga/de2extra/src/rtl/periph/ps2_controller.vhd
    Info (12022): Found design unit 1: ps2_controller-rtl File: E:/Main/JuniorII/NonExam/FPGA/DE2Extra/src/rtl/periph/ps2_controller.vhd Line: 61
    Info (12023): Found entity 1: ps2_controller File: E:/Main/JuniorII/NonExam/FPGA/DE2Extra/src/rtl/periph/ps2_controller.vhd Line: 33
Info (12021): Found 2 design units, including 1 entities, in source file /main/juniorii/nonexam/fpga/de2extra/src/rtl/periph/ir_nec_decoder.vhd
    Info (12022): Found design unit 1: ir_nec_decoder-rtl File: E:/Main/JuniorII/NonExam/FPGA/DE2Extra/src/rtl/periph/ir_nec_decoder.vhd Line: 36
    Info (12023): Found entity 1: ir_nec_decoder File: E:/Main/JuniorII/NonExam/FPGA/DE2Extra/src/rtl/periph/ir_nec_decoder.vhd Line: 21
Info (12021): Found 2 design units, including 1 entities, in source file /main/juniorii/nonexam/fpga/de2extra/src/rtl/periph/ir_nec_wb.vhd
    Info (12022): Found design unit 1: ir_nec_wb-rtl File: E:/Main/JuniorII/NonExam/FPGA/DE2Extra/src/rtl/periph/ir_nec_wb.vhd Line: 36
    Info (12023): Found entity 1: ir_nec_wb File: E:/Main/JuniorII/NonExam/FPGA/DE2Extra/src/rtl/periph/ir_nec_wb.vhd Line: 20
Info (12021): Found 2 design units, including 1 entities, in source file /main/juniorii/nonexam/fpga/de2extra/src/rtl/periph/ir_exp10.vhd
    Info (12022): Found design unit 1: ir_exp10-behavioral File: E:/Main/JuniorII/NonExam/FPGA/DE2Extra/src/rtl/periph/ir_exp10.vhd Line: 30
    Info (12023): Found entity 1: ir_exp10 File: E:/Main/JuniorII/NonExam/FPGA/DE2Extra/src/rtl/periph/ir_exp10.vhd Line: 11
Info (12021): Found 2 design units, including 1 entities, in source file /main/juniorii/nonexam/fpga/de2extra/src/rtl/periph/ir_dbg_exp10.vhd
    Info (12022): Found design unit 1: ir_dbg_exp10-rtl File: E:/Main/JuniorII/NonExam/FPGA/DE2Extra/src/rtl/periph/ir_dbg_exp10.vhd Line: 19
    Info (12023): Found entity 1: ir_dbg_exp10 File: E:/Main/JuniorII/NonExam/FPGA/DE2Extra/src/rtl/periph/ir_dbg_exp10.vhd Line: 9
Info (12021): Found 1 design units, including 0 entities, in source file /main/juniorii/nonexam/fpga/de2extra/src/rtl/periph/font_rom_pkg.vhd
    Info (12022): Found design unit 1: font_rom_pkg File: E:/Main/JuniorII/NonExam/FPGA/DE2Extra/src/rtl/periph/font_rom_pkg.vhd Line: 9
Info (12021): Found 2 design units, including 1 entities, in source file /main/juniorii/nonexam/fpga/de2extra/src/rtl/periph/vga_text_terminal.vhd
    Info (12022): Found design unit 1: vga_text_terminal-rtl File: E:/Main/JuniorII/NonExam/FPGA/DE2Extra/src/rtl/periph/vga_text_terminal.vhd Line: 39
    Info (12023): Found entity 1: vga_text_terminal File: E:/Main/JuniorII/NonExam/FPGA/DE2Extra/src/rtl/periph/vga_text_terminal.vhd Line: 13
Info (12021): Found 2 design units, including 1 entities, in source file /main/juniorii/nonexam/fpga/de2extra/src/rtl/periph/lcd_debug.vhd
    Info (12022): Found design unit 1: lcd_debug-rtl File: E:/Main/JuniorII/NonExam/FPGA/DE2Extra/src/rtl/periph/lcd_debug.vhd Line: 37
    Info (12023): Found entity 1: lcd_debug File: E:/Main/JuniorII/NonExam/FPGA/DE2Extra/src/rtl/periph/lcd_debug.vhd Line: 17
Info (12021): Found 2 design units, including 1 entities, in source file /main/juniorii/nonexam/fpga/de2extra/src/rtl/periph/uart_jtag_bridge.vhd
    Info (12022): Found design unit 1: uart_jtag_bridge-rtl File: E:/Main/JuniorII/NonExam/FPGA/DE2Extra/src/rtl/periph/uart_jtag_bridge.vhd Line: 35
    Info (12023): Found entity 1: uart_jtag_bridge File: E:/Main/JuniorII/NonExam/FPGA/DE2Extra/src/rtl/periph/uart_jtag_bridge.vhd Line: 11
Info (12021): Found 2 design units, including 1 entities, in source file /main/juniorii/nonexam/fpga/de2extra/src/rtl/periph/build_info_wb.vhd
    Info (12022): Found design unit 1: build_info_wb-rtl File: E:/Main/JuniorII/NonExam/FPGA/DE2Extra/src/rtl/periph/build_info_wb.vhd Line: 17
    Info (12023): Found entity 1: build_info_wb File: E:/Main/JuniorII/NonExam/FPGA/DE2Extra/src/rtl/periph/build_info_wb.vhd Line: 6
Info (12021): Found 2 design units, including 1 entities, in source file /main/juniorii/nonexam/fpga/de2extra/src/rtl/periph/led_patterns.vhd
    Info (12022): Found design unit 1: led_patterns-rtl File: E:/Main/JuniorII/NonExam/FPGA/DE2Extra/src/rtl/periph/led_patterns.vhd Line: 19
    Info (12023): Found entity 1: led_patterns File: E:/Main/JuniorII/NonExam/FPGA/DE2Extra/src/rtl/periph/led_patterns.vhd Line: 8
Info (12021): Found 2 design units, including 1 entities, in source file /main/juniorii/nonexam/fpga/de2extra/src/rtl/periph/expdemo_wb.vhd
    Info (12022): Found design unit 1: expdemo_wb-rtl File: E:/Main/JuniorII/NonExam/FPGA/DE2Extra/src/rtl/periph/expdemo_wb.vhd Line: 46
    Info (12023): Found entity 1: expdemo_wb File: E:/Main/JuniorII/NonExam/FPGA/DE2Extra/src/rtl/periph/expdemo_wb.vhd Line: 16
Info (12021): Found 2 design units, including 1 entities, in source file /main/juniorii/nonexam/fpga/de2extra/src/rtl/periph/expdemo_top.vhd
    Info (12022): Found design unit 1: expdemo_top-rtl File: E:/Main/JuniorII/NonExam/FPGA/DE2Extra/src/rtl/periph/expdemo_top.vhd Line: 65
    Info (12023): Found entity 1: expdemo_top File: E:/Main/JuniorII/NonExam/FPGA/DE2Extra/src/rtl/periph/expdemo_top.vhd Line: 26
Info (12021): Found 2 design units, including 1 entities, in source file /main/juniorii/nonexam/fpga/de2extra/src/rtl/de2os_top.vhd
    Info (12022): Found design unit 1: de2os_top-rtl File: E:/Main/JuniorII/NonExam/FPGA/DE2Extra/src/rtl/de2os_top.vhd Line: 93
    Info (12023): Found entity 1: de2os_top File: E:/Main/JuniorII/NonExam/FPGA/DE2Extra/src/rtl/de2os_top.vhd Line: 13
Info (12021): Found 2 design units, including 1 entities, in source file /main/juniorii/nonexam/fpga/de2extra/src/rtl/periph/vga_timing_640x480.vhd
    Info (12022): Found design unit 1: vga_timing_640x480-rtl File: E:/Main/JuniorII/NonExam/FPGA/DE2Extra/src/rtl/periph/vga_timing_640x480.vhd Line: 24
    Info (12023): Found entity 1: vga_timing_640x480 File: E:/Main/JuniorII/NonExam/FPGA/DE2Extra/src/rtl/periph/vga_timing_640x480.vhd Line: 6
Info (12021): Found 2 design units, including 1 entities, in source file /main/juniorii/nonexam/fpga/de2extra/src/rtl/periph/fb_reader_rgb565.vhd
    Info (12022): Found design unit 1: fb_reader_rgb565-rtl File: E:/Main/JuniorII/NonExam/FPGA/DE2Extra/src/rtl/periph/fb_reader_rgb565.vhd Line: 46
    Info (12023): Found entity 1: fb_reader_rgb565 File: E:/Main/JuniorII/NonExam/FPGA/DE2Extra/src/rtl/periph/fb_reader_rgb565.vhd Line: 8
Info (12021): Found 2 design units, including 1 entities, in source file /main/juniorii/nonexam/fpga/de2extra/src/rtl/periph/vga_pixel_ctrl.vhd
    Info (12022): Found design unit 1: vga_pixel_ctrl-rtl File: E:/Main/JuniorII/NonExam/FPGA/DE2Extra/src/rtl/periph/vga_pixel_ctrl.vhd Line: 40
    Info (12023): Found entity 1: vga_pixel_ctrl File: E:/Main/JuniorII/NonExam/FPGA/DE2Extra/src/rtl/periph/vga_pixel_ctrl.vhd Line: 6
Info (12021): Found 2 design units, including 1 entities, in source file /main/juniorii/nonexam/fpga/de2extra/src/rtl/periph/conway_engine.vhd
    Info (12022): Found design unit 1: conway_engine-rtl File: E:/Main/JuniorII/NonExam/FPGA/DE2Extra/src/rtl/periph/conway_engine.vhd Line: 34
    Info (12023): Found entity 1: conway_engine File: E:/Main/JuniorII/NonExam/FPGA/DE2Extra/src/rtl/periph/conway_engine.vhd Line: 19
Info (12021): Found 2 design units, including 1 entities, in source file /main/juniorii/nonexam/fpga/de2extra/src/rtl/periph/gpu_2d.vhd
    Info (12022): Found design unit 1: gpu_2d-rtl File: E:/Main/JuniorII/NonExam/FPGA/DE2Extra/src/rtl/periph/gpu_2d.vhd Line: 45
    Info (12023): Found entity 1: gpu_2d File: E:/Main/JuniorII/NonExam/FPGA/DE2Extra/src/rtl/periph/gpu_2d.vhd Line: 23
Info (12021): Found 2 design units, including 1 entities, in source file /main/juniorii/nonexam/fpga/de2extra/src/rtl/periph/chroma_shader.vhd
    Info (12022): Found design unit 1: chroma_shader-rtl File: E:/Main/JuniorII/NonExam/FPGA/DE2Extra/src/rtl/periph/chroma_shader.vhd Line: 27
    Info (12023): Found entity 1: chroma_shader File: E:/Main/JuniorII/NonExam/FPGA/DE2Extra/src/rtl/periph/chroma_shader.vhd Line: 8
Info (12021): Found 2 design units, including 1 entities, in source file /main/juniorii/nonexam/fpga/de2extra/src/rtl/periph/dds_core.vhd
    Info (12022): Found design unit 1: dds_core-rtl File: E:/Main/JuniorII/NonExam/FPGA/DE2Extra/src/rtl/periph/dds_core.vhd Line: 34
    Info (12023): Found entity 1: dds_core File: E:/Main/JuniorII/NonExam/FPGA/DE2Extra/src/rtl/periph/dds_core.vhd Line: 14
Warning (10335): Unrecognized synthesis attribute "ram_init_file2" at ../../src/rtl/periph/fm_operator.vhd(79) File: E:/Main/JuniorII/NonExam/FPGA/DE2Extra/src/rtl/periph/fm_operator.vhd Line: 79
Info (12021): Found 2 design units, including 1 entities, in source file /main/juniorii/nonexam/fpga/de2extra/src/rtl/periph/fm_operator.vhd
    Info (12022): Found design unit 1: fm_operator-rtl File: E:/Main/JuniorII/NonExam/FPGA/DE2Extra/src/rtl/periph/fm_operator.vhd Line: 49
    Info (12023): Found entity 1: fm_operator File: E:/Main/JuniorII/NonExam/FPGA/DE2Extra/src/rtl/periph/fm_operator.vhd Line: 25
Info (12021): Found 2 design units, including 1 entities, in source file /main/juniorii/nonexam/fpga/de2extra/src/rtl/periph/wm8731_ctrl.vhd
    Info (12022): Found design unit 1: wm8731_ctrl-rtl File: E:/Main/JuniorII/NonExam/FPGA/DE2Extra/src/rtl/periph/wm8731_ctrl.vhd Line: 20
    Info (12023): Found entity 1: wm8731_ctrl File: E:/Main/JuniorII/NonExam/FPGA/DE2Extra/src/rtl/periph/wm8731_ctrl.vhd Line: 10
Info (12021): Found 2 design units, including 1 entities, in source file /main/juniorii/nonexam/fpga/de2extra/src/rtl/periph/i2s_tx.vhd
    Info (12022): Found design unit 1: i2s_tx-rtl File: E:/Main/JuniorII/NonExam/FPGA/DE2Extra/src/rtl/periph/i2s_tx.vhd Line: 24
    Info (12023): Found entity 1: i2s_tx File: E:/Main/JuniorII/NonExam/FPGA/DE2Extra/src/rtl/periph/i2s_tx.vhd Line: 12
Info (12021): Found 2 design units, including 1 entities, in source file /main/juniorii/nonexam/fpga/de2extra/src/rtl/exp/adapt_exp1.vhd
    Info (12022): Found design unit 1: adapt_exp1-rtl File: E:/Main/JuniorII/NonExam/FPGA/DE2Extra/src/rtl/exp/adapt_exp1.vhd Line: 16
    Info (12023): Found entity 1: adapt_exp1 File: E:/Main/JuniorII/NonExam/FPGA/DE2Extra/src/rtl/exp/adapt_exp1.vhd Line: 6
Info (12021): Found 2 design units, including 1 entities, in source file /main/juniorii/nonexam/fpga/de2extra/src/rtl/exp/adapt_exp2.vhd
    Info (12022): Found design unit 1: adapt_exp2-rtl File: E:/Main/JuniorII/NonExam/FPGA/DE2Extra/src/rtl/exp/adapt_exp2.vhd Line: 21
    Info (12023): Found entity 1: adapt_exp2 File: E:/Main/JuniorII/NonExam/FPGA/DE2Extra/src/rtl/exp/adapt_exp2.vhd Line: 10
Info (12021): Found 2 design units, including 1 entities, in source file /main/juniorii/nonexam/fpga/de2extra/src/rtl/exp/adapt_exp3.vhd
    Info (12022): Found design unit 1: adapt_exp3-rtl File: E:/Main/JuniorII/NonExam/FPGA/DE2Extra/src/rtl/exp/adapt_exp3.vhd Line: 17
    Info (12023): Found entity 1: adapt_exp3 File: E:/Main/JuniorII/NonExam/FPGA/DE2Extra/src/rtl/exp/adapt_exp3.vhd Line: 7
Info (12021): Found 2 design units, including 1 entities, in source file /main/juniorii/nonexam/fpga/de2extra/src/rtl/exp/adapt_exp4.vhd
    Info (12022): Found design unit 1: adapt_exp4-rtl File: E:/Main/JuniorII/NonExam/FPGA/DE2Extra/src/rtl/exp/adapt_exp4.vhd Line: 16
    Info (12023): Found entity 1: adapt_exp4 File: E:/Main/JuniorII/NonExam/FPGA/DE2Extra/src/rtl/exp/adapt_exp4.vhd Line: 6
Info (12021): Found 2 design units, including 1 entities, in source file /main/juniorii/nonexam/fpga/de2extra/src/rtl/exp/adapt_exp5.vhd
    Info (12022): Found design unit 1: adapt_exp5-rtl File: E:/Main/JuniorII/NonExam/FPGA/DE2Extra/src/rtl/exp/adapt_exp5.vhd Line: 16
    Info (12023): Found entity 1: adapt_exp5 File: E:/Main/JuniorII/NonExam/FPGA/DE2Extra/src/rtl/exp/adapt_exp5.vhd Line: 6
Info (12021): Found 2 design units, including 1 entities, in source file /main/juniorii/nonexam/fpga/de2extra/src/rtl/exp/adapt_exp6.vhd
    Info (12022): Found design unit 1: adapt_exp6-rtl File: E:/Main/JuniorII/NonExam/FPGA/DE2Extra/src/rtl/exp/adapt_exp6.vhd Line: 38
    Info (12023): Found entity 1: adapt_exp6 File: E:/Main/JuniorII/NonExam/FPGA/DE2Extra/src/rtl/exp/adapt_exp6.vhd Line: 20
Info (12021): Found 2 design units, including 1 entities, in source file /main/juniorii/nonexam/fpga/de2extra/src/rtl/exp/adapt_exp7.vhd
    Info (12022): Found design unit 1: adapt_exp7-rtl File: E:/Main/JuniorII/NonExam/FPGA/DE2Extra/src/rtl/exp/adapt_exp7.vhd Line: 37
    Info (12023): Found entity 1: adapt_exp7 File: E:/Main/JuniorII/NonExam/FPGA/DE2Extra/src/rtl/exp/adapt_exp7.vhd Line: 19
Info (12021): Found 2 design units, including 1 entities, in source file /main/juniorii/nonexam/fpga/de2extra/src/rtl/exp/vga_test_pattern.vhd
    Info (12022): Found design unit 1: vga_test_pattern-rtl File: E:/Main/JuniorII/NonExam/FPGA/DE2Extra/src/rtl/exp/vga_test_pattern.vhd Line: 36
    Info (12023): Found entity 1: vga_test_pattern File: E:/Main/JuniorII/NonExam/FPGA/DE2Extra/src/rtl/exp/vga_test_pattern.vhd Line: 9
Info (12021): Found 2 design units, including 1 entities, in source file /main/juniorii/nonexam/fpga/de2extra/src/rtl/exp/adapt_exp8.vhd
    Info (12022): Found design unit 1: adapt_exp8-rtl File: E:/Main/JuniorII/NonExam/FPGA/DE2Extra/src/rtl/exp/adapt_exp8.vhd Line: 19
    Info (12023): Found entity 1: adapt_exp8 File: E:/Main/JuniorII/NonExam/FPGA/DE2Extra/src/rtl/exp/adapt_exp8.vhd Line: 7
Info (12021): Found 2 design units, including 1 entities, in source file /main/juniorii/nonexam/fpga/de2extra/src/rtl/exp/adapt_exp9.vhd
    Info (12022): Found design unit 1: adapt_exp9-rtl File: E:/Main/JuniorII/NonExam/FPGA/DE2Extra/src/rtl/exp/adapt_exp9.vhd Line: 19
    Info (12023): Found entity 1: adapt_exp9 File: E:/Main/JuniorII/NonExam/FPGA/DE2Extra/src/rtl/exp/adapt_exp9.vhd Line: 7
Info (12021): Found 2 design units, including 1 entities, in source file /main/juniorii/nonexam/fpga/de2extra/src/rtl/exp/adapt_exp10.vhd
    Info (12022): Found design unit 1: adapt_exp10-rtl File: E:/Main/JuniorII/NonExam/FPGA/DE2Extra/src/rtl/exp/adapt_exp10.vhd Line: 18
    Info (12023): Found entity 1: adapt_exp10 File: E:/Main/JuniorII/NonExam/FPGA/DE2Extra/src/rtl/exp/adapt_exp10.vhd Line: 7
Info (12021): Found 2 design units, including 1 entities, in source file /main/juniorii/nonexam/fpga/de2extra/src/rtl/exp/adapt_exp11.vhd
    Info (12022): Found design unit 1: adapt_exp11-rtl File: E:/Main/JuniorII/NonExam/FPGA/DE2Extra/src/rtl/exp/adapt_exp11.vhd Line: 20
    Info (12023): Found entity 1: adapt_exp11 File: E:/Main/JuniorII/NonExam/FPGA/DE2Extra/src/rtl/exp/adapt_exp11.vhd Line: 10
Info (12021): Found 2 design units, including 1 entities, in source file /main/juniorii/nonexam/fpga/de2extra/src/rtl/exp/adapt_exp12.vhd
    Info (12022): Found design unit 1: adapt_exp12-rtl File: E:/Main/JuniorII/NonExam/FPGA/DE2Extra/src/rtl/exp/adapt_exp12.vhd Line: 25
    Info (12023): Found entity 1: adapt_exp12 File: E:/Main/JuniorII/NonExam/FPGA/DE2Extra/src/rtl/exp/adapt_exp12.vhd Line: 7
Info (12021): Found 2 design units, including 1 entities, in source file /main/juniorii/nonexam/fpga/de2extra/src/rtl/exp/adapt_exp13a.vhd
    Info (12022): Found design unit 1: adapt_exp13a-rtl File: E:/Main/JuniorII/NonExam/FPGA/DE2Extra/src/rtl/exp/adapt_exp13a.vhd Line: 20
    Info (12023): Found entity 1: adapt_exp13a File: E:/Main/JuniorII/NonExam/FPGA/DE2Extra/src/rtl/exp/adapt_exp13a.vhd Line: 7
Info (12021): Found 2 design units, including 1 entities, in source file /main/juniorii/nonexam/fpga/de2extra/src/rtl/exp/dds.vhd
    Info (12022): Found design unit 1: DDS-behavioral File: E:/Main/JuniorII/NonExam/FPGA/DE2Extra/src/rtl/exp/dds.vhd Line: 21
    Info (12023): Found entity 1: DDS File: E:/Main/JuniorII/NonExam/FPGA/DE2Extra/src/rtl/exp/dds.vhd Line: 11
Info (12021): Found 2 design units, including 1 entities, in source file /main/juniorii/nonexam/fpga/de2extra/src/rtl/exp/dds_rom.vhd
    Info (12022): Found design unit 1: dds_rom-SYN File: E:/Main/JuniorII/NonExam/FPGA/DE2Extra/src/rtl/exp/DDS_ROM.vhd Line: 53
    Info (12023): Found entity 1: DDS_ROM File: E:/Main/JuniorII/NonExam/FPGA/DE2Extra/src/rtl/exp/DDS_ROM.vhd Line: 43
Info (12021): Found 2 design units, including 1 entities, in source file /main/juniorii/nonexam/fpga/de2extra/src/rtl/exp/deco138_for.vhd
    Info (12022): Found design unit 1: deco138_for-behavioral File: E:/Main/JuniorII/NonExam/FPGA/DE2Extra/src/rtl/exp/deco138_for.vhd Line: 15
    Info (12023): Found entity 1: deco138_for File: E:/Main/JuniorII/NonExam/FPGA/DE2Extra/src/rtl/exp/deco138_for.vhd Line: 6
Info (12021): Found 2 design units, including 1 entities, in source file /main/juniorii/nonexam/fpga/de2extra/src/rtl/exp/digital_clock.vhd
    Info (12022): Found design unit 1: digital_clock-behavioral File: E:/Main/JuniorII/NonExam/FPGA/DE2Extra/src/rtl/exp/digital_clock.vhd Line: 36
    Info (12023): Found entity 1: digital_clock File: E:/Main/JuniorII/NonExam/FPGA/DE2Extra/src/rtl/exp/digital_clock.vhd Line: 17
Info (12021): Found 2 design units, including 1 entities, in source file /main/juniorii/nonexam/fpga/de2extra/src/rtl/exp/dpram.vhd
    Info (12022): Found design unit 1: dpram-art File: E:/Main/JuniorII/NonExam/FPGA/DE2Extra/src/rtl/exp/dpram.vhd Line: 25
    Info (12023): Found entity 1: dpram File: E:/Main/JuniorII/NonExam/FPGA/DE2Extra/src/rtl/exp/dpram.vhd Line: 8
Info (12021): Found 2 design units, including 1 entities, in source file /main/juniorii/nonexam/fpga/de2extra/src/rtl/exp/exp3_top.vhd
    Info (12022): Found design unit 1: exp3_top-behavioral File: E:/Main/JuniorII/NonExam/FPGA/DE2Extra/src/rtl/exp/exp3_top.vhd Line: 21
    Info (12023): Found entity 1: exp3_top File: E:/Main/JuniorII/NonExam/FPGA/DE2Extra/src/rtl/exp/exp3_top.vhd Line: 10
Info (12021): Found 2 design units, including 1 entities, in source file /main/juniorii/nonexam/fpga/de2extra/src/rtl/exp/exp5_top.vhd
    Info (12022): Found design unit 1: exp5_top-structural File: E:/Main/JuniorII/NonExam/FPGA/DE2Extra/src/rtl/exp/exp5_top.vhd Line: 21
    Info (12023): Found entity 1: exp5_top File: E:/Main/JuniorII/NonExam/FPGA/DE2Extra/src/rtl/exp/exp5_top.vhd Line: 7
Info (12021): Found 2 design units, including 1 entities, in source file /main/juniorii/nonexam/fpga/de2extra/src/rtl/exp/fsm_one.vhd
    Info (12022): Found design unit 1: fsm_one-behavioral File: E:/Main/JuniorII/NonExam/FPGA/DE2Extra/src/rtl/exp/fsm_one.vhd Line: 14
    Info (12023): Found entity 1: fsm_one File: E:/Main/JuniorII/NonExam/FPGA/DE2Extra/src/rtl/exp/fsm_one.vhd Line: 6
Info (12021): Found 2 design units, including 1 entities, in source file /main/juniorii/nonexam/fpga/de2extra/src/rtl/exp/fsm_two.vhd
    Info (12022): Found design unit 1: fsm_two-behavioral File: E:/Main/JuniorII/NonExam/FPGA/DE2Extra/src/rtl/exp/fsm_two.vhd Line: 16
    Info (12023): Found entity 1: fsm_two File: E:/Main/JuniorII/NonExam/FPGA/DE2Extra/src/rtl/exp/fsm_two.vhd Line: 8
Info (12021): Found 2 design units, including 1 entities, in source file /main/juniorii/nonexam/fpga/de2extra/src/rtl/exp/fsm_three.vhd
    Info (12022): Found design unit 1: fsm_three-behavioral File: E:/Main/JuniorII/NonExam/FPGA/DE2Extra/src/rtl/exp/fsm_three.vhd Line: 16
    Info (12023): Found entity 1: fsm_three File: E:/Main/JuniorII/NonExam/FPGA/DE2Extra/src/rtl/exp/fsm_three.vhd Line: 8
Info (12021): Found 2 design units, including 1 entities, in source file /main/juniorii/nonexam/fpga/de2extra/src/rtl/exp/hello_display.vhd
    Info (12022): Found design unit 1: hello_display-behavioral File: E:/Main/JuniorII/NonExam/FPGA/DE2Extra/src/rtl/exp/hello_display.vhd Line: 17
    Info (12023): Found entity 1: hello_display File: E:/Main/JuniorII/NonExam/FPGA/DE2Extra/src/rtl/exp/hello_display.vhd Line: 7
Info (12021): Found 2 design units, including 1 entities, in source file /main/juniorii/nonexam/fpga/de2extra/src/rtl/exp/hex_scan.vhd
    Info (12022): Found design unit 1: hex_scan-behavioral File: E:/Main/JuniorII/NonExam/FPGA/DE2Extra/src/rtl/exp/hex_scan.vhd Line: 23
    Info (12023): Found entity 1: hex_scan File: E:/Main/JuniorII/NonExam/FPGA/DE2Extra/src/rtl/exp/hex_scan.vhd Line: 8
Info (12021): Found 2 design units, including 1 entities, in source file /main/juniorii/nonexam/fpga/de2extra/src/rtl/exp/irda.vhd
    Info (12022): Found design unit 1: irda_top-behavioral File: E:/Main/JuniorII/NonExam/FPGA/DE2Extra/src/rtl/exp/irda.vhd Line: 30
    Info (12023): Found entity 1: irda_top File: E:/Main/JuniorII/NonExam/FPGA/DE2Extra/src/rtl/exp/irda.vhd Line: 11
Info (12021): Found 2 design units, including 1 entities, in source file /main/juniorii/nonexam/fpga/de2extra/src/rtl/exp/lcd_display.vhd
    Info (12022): Found design unit 1: lcd_display-behavioral File: E:/Main/JuniorII/NonExam/FPGA/DE2Extra/src/rtl/exp/lcd_display.vhd Line: 26
    Info (12023): Found entity 1: lcd_display File: E:/Main/JuniorII/NonExam/FPGA/DE2Extra/src/rtl/exp/lcd_display.vhd Line: 7
Info (12021): Found 2 design units, including 1 entities, in source file /main/juniorii/nonexam/fpga/de2extra/src/rtl/exp/lcd_soc.vhd
    Info (12022): Found design unit 1: lcd_soc-behavioral File: E:/Main/JuniorII/NonExam/FPGA/DE2Extra/src/rtl/exp/lcd_soc.vhd Line: 27
    Info (12023): Found entity 1: lcd_soc File: E:/Main/JuniorII/NonExam/FPGA/DE2Extra/src/rtl/exp/lcd_soc.vhd Line: 9
Info (12021): Found 2 design units, including 1 entities, in source file /main/juniorii/nonexam/fpga/de2extra/src/rtl/exp/led_display.vhd
    Info (12022): Found design unit 1: led_display-Behavioral File: E:/Main/JuniorII/NonExam/FPGA/DE2Extra/src/rtl/exp/led_display.vhd Line: 19
    Info (12023): Found entity 1: led_display File: E:/Main/JuniorII/NonExam/FPGA/DE2Extra/src/rtl/exp/led_display.vhd Line: 7
Info (12021): Found 2 design units, including 1 entities, in source file /main/juniorii/nonexam/fpga/de2extra/src/rtl/exp/ps2_keyboard.vhd
    Info (12022): Found design unit 1: exp8_ps2_keyboard-structural File: E:/Main/JuniorII/NonExam/FPGA/DE2Extra/src/rtl/exp/ps2_keyboard.vhd Line: 22
    Info (12023): Found entity 1: exp8_ps2_keyboard File: E:/Main/JuniorII/NonExam/FPGA/DE2Extra/src/rtl/exp/ps2_keyboard.vhd Line: 6
Info (12021): Found 2 design units, including 1 entities, in source file /main/juniorii/nonexam/fpga/de2extra/src/rtl/exp/ps2_receiver.vhd
    Info (12022): Found design unit 1: exp8_ps2_receiver-rtl File: E:/Main/JuniorII/NonExam/FPGA/DE2Extra/src/rtl/exp/ps2_receiver.vhd Line: 16
    Info (12023): Found entity 1: exp8_ps2_receiver File: E:/Main/JuniorII/NonExam/FPGA/DE2Extra/src/rtl/exp/ps2_receiver.vhd Line: 6
Info (12021): Found 2 design units, including 1 entities, in source file /main/juniorii/nonexam/fpga/de2extra/src/rtl/exp/ps2_sync.vhd
    Info (12022): Found design unit 1: exp8_ps2_sync-rtl File: E:/Main/JuniorII/NonExam/FPGA/DE2Extra/src/rtl/exp/ps2_sync.vhd Line: 16
    Info (12023): Found entity 1: exp8_ps2_sync File: E:/Main/JuniorII/NonExam/FPGA/DE2Extra/src/rtl/exp/ps2_sync.vhd Line: 6
Info (12021): Found 2 design units, including 1 entities, in source file /main/juniorii/nonexam/fpga/de2extra/src/rtl/exp/ram_top.vhd
    Info (12022): Found design unit 1: ram_top-behavioral File: E:/Main/JuniorII/NonExam/FPGA/DE2Extra/src/rtl/exp/ram_top.vhd Line: 31
    Info (12023): Found entity 1: ram_top File: E:/Main/JuniorII/NonExam/FPGA/DE2Extra/src/rtl/exp/ram_top.vhd Line: 14
Info (12021): Found 2 design units, including 1 entities, in source file /main/juniorii/nonexam/fpga/de2extra/src/rtl/exp/rom256x4.vhd
    Info (12022): Found design unit 1: rom256x4-art File: E:/Main/JuniorII/NonExam/FPGA/DE2Extra/src/rtl/exp/rom256x4.vhd Line: 17
    Info (12023): Found entity 1: rom256x4 File: E:/Main/JuniorII/NonExam/FPGA/DE2Extra/src/rtl/exp/rom256x4.vhd Line: 9
Info (12021): Found 2 design units, including 1 entities, in source file /main/juniorii/nonexam/fpga/de2extra/src/rtl/exp/scan_code_buffer.vhd
    Info (12022): Found design unit 1: scan_code_buffer-rtl File: E:/Main/JuniorII/NonExam/FPGA/DE2Extra/src/rtl/exp/scan_code_buffer.vhd Line: 16
    Info (12023): Found entity 1: scan_code_buffer File: E:/Main/JuniorII/NonExam/FPGA/DE2Extra/src/rtl/exp/scan_code_buffer.vhd Line: 5
Info (12021): Found 2 design units, including 1 entities, in source file /main/juniorii/nonexam/fpga/de2extra/src/rtl/exp/seg_decoder.vhd
    Info (12022): Found design unit 1: seg_decoder-behavioral File: E:/Main/JuniorII/NonExam/FPGA/DE2Extra/src/rtl/exp/seg_decoder.vhd Line: 13
    Info (12023): Found entity 1: seg_decoder File: E:/Main/JuniorII/NonExam/FPGA/DE2Extra/src/rtl/exp/seg_decoder.vhd Line: 6
Info (12021): Found 2 design units, including 1 entities, in source file /main/juniorii/nonexam/fpga/de2extra/src/rtl/exp/seg7_decoder.vhd
    Info (12022): Found design unit 1: seg7_decoder-rtl File: E:/Main/JuniorII/NonExam/FPGA/DE2Extra/src/rtl/exp/seg7_decoder.vhd Line: 14
    Info (12023): Found entity 1: seg7_decoder File: E:/Main/JuniorII/NonExam/FPGA/DE2Extra/src/rtl/exp/seg7_decoder.vhd Line: 6
Info (12021): Found 2 design units, including 1 entities, in source file /main/juniorii/nonexam/fpga/de2extra/src/rtl/exp/simple_cpu.vhd
    Info (12022): Found design unit 1: simple_cpu-behavioral File: E:/Main/JuniorII/NonExam/FPGA/DE2Extra/src/rtl/exp/simple_cpu.vhd Line: 47
    Info (12023): Found entity 1: simple_cpu File: E:/Main/JuniorII/NonExam/FPGA/DE2Extra/src/rtl/exp/simple_cpu.vhd Line: 10
Info (12021): Found 2 design units, including 1 entities, in source file /main/juniorii/nonexam/fpga/de2extra/src/rtl/exp/uart.vhd
    Info (12022): Found design unit 1: uart_top-behavioral File: E:/Main/JuniorII/NonExam/FPGA/DE2Extra/src/rtl/exp/uart.vhd Line: 24
    Info (12023): Found entity 1: uart_top File: E:/Main/JuniorII/NonExam/FPGA/DE2Extra/src/rtl/exp/uart.vhd Line: 8
Info (12021): Found 2 design units, including 1 entities, in source file /main/juniorii/nonexam/fpga/de2extra/par/jtag_uart_0/synthesis/jtag_uart_0.vhd
    Info (12022): Found design unit 1: jtag_uart_0-rtl File: E:/Main/JuniorII/NonExam/FPGA/DE2Extra/par/jtag_uart_0/synthesis/jtag_uart_0.vhd Line: 23
    Info (12023): Found entity 1: jtag_uart_0 File: E:/Main/JuniorII/NonExam/FPGA/DE2Extra/par/jtag_uart_0/synthesis/jtag_uart_0.vhd Line: 9
Info (12021): Found 1 design units, including 1 entities, in source file /main/juniorii/nonexam/fpga/de2extra/par/jtag_uart_0/synthesis/submodules/altera_reset_controller.v
    Info (12023): Found entity 1: altera_reset_controller File: E:/Main/JuniorII/NonExam/FPGA/DE2Extra/par/jtag_uart_0/synthesis/submodules/altera_reset_controller.v Line: 42
Info (12021): Found 1 design units, including 1 entities, in source file /main/juniorii/nonexam/fpga/de2extra/par/jtag_uart_0/synthesis/submodules/altera_reset_synchronizer.v
    Info (12023): Found entity 1: altera_reset_synchronizer File: E:/Main/JuniorII/NonExam/FPGA/DE2Extra/par/jtag_uart_0/synthesis/submodules/altera_reset_synchronizer.v Line: 24
Info (12021): Found 5 design units, including 5 entities, in source file /main/juniorii/nonexam/fpga/de2extra/par/jtag_uart_0/synthesis/submodules/jtag_uart_0_jtag_uart_0.v
    Info (12023): Found entity 1: jtag_uart_0_jtag_uart_0_sim_scfifo_w File: E:/Main/JuniorII/NonExam/FPGA/DE2Extra/par/jtag_uart_0/synthesis/submodules/jtag_uart_0_jtag_uart_0.v Line: 21
    Info (12023): Found entity 2: jtag_uart_0_jtag_uart_0_scfifo_w File: E:/Main/JuniorII/NonExam/FPGA/DE2Extra/par/jtag_uart_0/synthesis/submodules/jtag_uart_0_jtag_uart_0.v Line: 78
    Info (12023): Found entity 3: jtag_uart_0_jtag_uart_0_sim_scfifo_r File: E:/Main/JuniorII/NonExam/FPGA/DE2Extra/par/jtag_uart_0/synthesis/submodules/jtag_uart_0_jtag_uart_0.v Line: 164
    Info (12023): Found entity 4: jtag_uart_0_jtag_uart_0_scfifo_r File: E:/Main/JuniorII/NonExam/FPGA/DE2Extra/par/jtag_uart_0/synthesis/submodules/jtag_uart_0_jtag_uart_0.v Line: 243
    Info (12023): Found entity 5: jtag_uart_0_jtag_uart_0 File: E:/Main/JuniorII/NonExam/FPGA/DE2Extra/par/jtag_uart_0/synthesis/submodules/jtag_uart_0_jtag_uart_0.v Line: 331
Info (12021): Found 2 design units, including 1 entities, in source file /main/juniorii/nonexam/fpga/de2extra/src/ip/altpll_50_100.vhd
    Info (12022): Found design unit 1: altpll_50_100-rtl File: E:/Main/JuniorII/NonExam/FPGA/DE2Extra/src/ip/altpll_50_100.vhd Line: 35
    Info (12023): Found entity 1: altpll_50_100 File: E:/Main/JuniorII/NonExam/FPGA/DE2Extra/src/ip/altpll_50_100.vhd Line: 17
Info (12021): Found 2 design units, including 1 entities, in source file /main/juniorii/nonexam/fpga/de2extra/src/ip/altpll_audio.vhd
    Info (12022): Found design unit 1: altpll_audio-rtl File: E:/Main/JuniorII/NonExam/FPGA/DE2Extra/src/ip/altpll_audio.vhd Line: 23
    Info (12023): Found entity 1: altpll_audio File: E:/Main/JuniorII/NonExam/FPGA/DE2Extra/src/ip/altpll_audio.vhd Line: 15
Info (12021): Found 2 design units, including 0 entities, in source file /main/juniorii/nonexam/fpga/de2extra/neorv32/rtl/core/neorv32_package.vhd
    Info (12022): Found design unit 1: neorv32_package File: E:/Main/JuniorII/NonExam/FPGA/DE2Extra/neorv32/rtl/core/neorv32_package.vhd Line: 15
    Info (12022): Found design unit 2: neorv32_package-body File: E:/Main/JuniorII/NonExam/FPGA/DE2Extra/neorv32/rtl/core/neorv32_package.vhd Line: 1151
Info (12021): Found 8 design units, including 4 entities, in source file /main/juniorii/nonexam/fpga/de2extra/neorv32/rtl/core/neorv32_prim.vhd
    Info (12022): Found design unit 1: neorv32_prim_fifo-neorv32_prim_fifo_rtl File: E:/Main/JuniorII/NonExam/FPGA/DE2Extra/neorv32/rtl/core/neorv32_prim.vhd Line: 46
    Info (12022): Found design unit 2: neorv32_prim_spram-neorv32_prim_spram_rtl File: E:/Main/JuniorII/NonExam/FPGA/DE2Extra/neorv32/rtl/core/neorv32_prim.vhd Line: 186
    Info (12022): Found design unit 3: neorv32_prim_mul-neorv32_prim_mul_rtl File: E:/Main/JuniorII/NonExam/FPGA/DE2Extra/neorv32/rtl/core/neorv32_prim.vhd Line: 277
    Info (12022): Found design unit 4: neorv32_prim_cnt-neorv32_prim_cnt_rtl File: E:/Main/JuniorII/NonExam/FPGA/DE2Extra/neorv32/rtl/core/neorv32_prim.vhd Line: 349
    Info (12023): Found entity 1: neorv32_prim_fifo File: E:/Main/JuniorII/NonExam/FPGA/DE2Extra/neorv32/rtl/core/neorv32_prim.vhd Line: 24
    Info (12023): Found entity 2: neorv32_prim_spram File: E:/Main/JuniorII/NonExam/FPGA/DE2Extra/neorv32/rtl/core/neorv32_prim.vhd Line: 168
    Info (12023): Found entity 3: neorv32_prim_mul File: E:/Main/JuniorII/NonExam/FPGA/DE2Extra/neorv32/rtl/core/neorv32_prim.vhd Line: 259
    Info (12023): Found entity 4: neorv32_prim_cnt File: E:/Main/JuniorII/NonExam/FPGA/DE2Extra/neorv32/rtl/core/neorv32_prim.vhd Line: 332
Info (12021): Found 1 design units, including 0 entities, in source file /main/juniorii/nonexam/fpga/de2extra/neorv32/rtl/core/neorv32_bootrom_image.vhd
    Info (12022): Found design unit 1: neorv32_bootrom_image File: E:/Main/JuniorII/NonExam/FPGA/DE2Extra/neorv32/rtl/core/neorv32_bootrom_image.vhd Line: 4
Info (12021): Found 2 design units, including 1 entities, in source file /main/juniorii/nonexam/fpga/de2extra/neorv32/rtl/core/neorv32_bootrom_rom.vhd
    Info (12022): Found design unit 1: neorv32_bootrom_rom-neorv32_bootrom_rom_rtl File: E:/Main/JuniorII/NonExam/FPGA/DE2Extra/neorv32/rtl/core/neorv32_bootrom_rom.vhd Line: 33
    Info (12023): Found entity 1: neorv32_bootrom_rom File: E:/Main/JuniorII/NonExam/FPGA/DE2Extra/neorv32/rtl/core/neorv32_bootrom_rom.vhd Line: 21
Info (12021): Found 2 design units, including 1 entities, in source file /main/juniorii/nonexam/fpga/de2extra/neorv32/rtl/core/neorv32_bootrom.vhd
    Info (12022): Found design unit 1: neorv32_bootrom-neorv32_bootrom_rtl File: E:/Main/JuniorII/NonExam/FPGA/DE2Extra/neorv32/rtl/core/neorv32_bootrom.vhd Line: 26
    Info (12023): Found entity 1: neorv32_bootrom File: E:/Main/JuniorII/NonExam/FPGA/DE2Extra/neorv32/rtl/core/neorv32_bootrom.vhd Line: 17
Info (12021): Found 2 design units, including 1 entities, in source file /main/juniorii/nonexam/fpga/de2extra/neorv32/rtl/core/neorv32_imem_rom.vhd
    Info (12022): Found design unit 1: neorv32_imem_rom-neorv32_imem_rom_rtl File: E:/Main/JuniorII/NonExam/FPGA/DE2Extra/neorv32/rtl/core/neorv32_imem_rom.vhd Line: 34
    Info (12023): Found entity 1: neorv32_imem_rom File: E:/Main/JuniorII/NonExam/FPGA/DE2Extra/neorv32/rtl/core/neorv32_imem_rom.vhd Line: 21
Info (12021): Found 2 design units, including 1 entities, in source file /main/juniorii/nonexam/fpga/de2extra/neorv32/rtl/core/neorv32_imem_ram.vhd
    Info (12022): Found design unit 1: neorv32_imem_ram-neorv32_imem_ram_rtl File: E:/Main/JuniorII/NonExam/FPGA/DE2Extra/neorv32/rtl/core/neorv32_imem_ram.vhd Line: 35
    Info (12023): Found entity 1: neorv32_imem_ram File: E:/Main/JuniorII/NonExam/FPGA/DE2Extra/neorv32/rtl/core/neorv32_imem_ram.vhd Line: 20
Info (12021): Found 2 design units, including 1 entities, in source file /main/juniorii/nonexam/fpga/de2extra/neorv32/rtl/core/neorv32_imem.vhd
    Info (12022): Found design unit 1: neorv32_imem-neorv32_imem_rtl File: E:/Main/JuniorII/NonExam/FPGA/DE2Extra/neorv32/rtl/core/neorv32_imem.vhd Line: 31
    Info (12023): Found entity 1: neorv32_imem File: E:/Main/JuniorII/NonExam/FPGA/DE2Extra/neorv32/rtl/core/neorv32_imem.vhd Line: 17
Info (12021): Found 2 design units, including 1 entities, in source file /main/juniorii/nonexam/fpga/de2extra/neorv32/rtl/core/neorv32_dmem_ram.vhd
    Info (12022): Found design unit 1: neorv32_dmem_ram-neorv32_dmem_ram_rtl File: E:/Main/JuniorII/NonExam/FPGA/DE2Extra/neorv32/rtl/core/neorv32_dmem_ram.vhd Line: 35
    Info (12023): Found entity 1: neorv32_dmem_ram File: E:/Main/JuniorII/NonExam/FPGA/DE2Extra/neorv32/rtl/core/neorv32_dmem_ram.vhd Line: 20
Info (12021): Found 2 design units, including 1 entities, in source file /main/juniorii/nonexam/fpga/de2extra/neorv32/rtl/core/neorv32_dmem.vhd
    Info (12022): Found design unit 1: neorv32_dmem-neorv32_dmem_rtl File: E:/Main/JuniorII/NonExam/FPGA/DE2Extra/neorv32/rtl/core/neorv32_dmem.vhd Line: 30
    Info (12023): Found entity 1: neorv32_dmem File: E:/Main/JuniorII/NonExam/FPGA/DE2Extra/neorv32/rtl/core/neorv32_dmem.vhd Line: 17
Info (12021): Found 2 design units, including 1 entities, in source file /main/juniorii/nonexam/fpga/de2extra/neorv32/rtl/core/neorv32_cache_ram.vhd
    Info (12022): Found design unit 1: neorv32_cache_ram-neorv32_cache_ram_rtl File: E:/Main/JuniorII/NonExam/FPGA/DE2Extra/neorv32/rtl/core/neorv32_cache_ram.vhd Line: 40
    Info (12023): Found entity 1: neorv32_cache_ram File: E:/Main/JuniorII/NonExam/FPGA/DE2Extra/neorv32/rtl/core/neorv32_cache_ram.vhd Line: 20
Info (12021): Found 2 design units, including 1 entities, in source file /main/juniorii/nonexam/fpga/de2extra/neorv32/rtl/core/neorv32_cache.vhd
    Info (12022): Found design unit 1: neorv32_cache-neorv32_cache_rtl File: E:/Main/JuniorII/NonExam/FPGA/DE2Extra/neorv32/rtl/core/neorv32_cache.vhd Line: 47
    Info (12023): Found entity 1: neorv32_cache File: E:/Main/JuniorII/NonExam/FPGA/DE2Extra/neorv32/rtl/core/neorv32_cache.vhd Line: 28
Info (12021): Found 2 design units, including 1 entities, in source file /main/juniorii/nonexam/fpga/de2extra/neorv32/rtl/core/neorv32_sysinfo.vhd
    Info (12022): Found design unit 1: neorv32_sysinfo-neorv32_sysinfo_rtl File: E:/Main/JuniorII/NonExam/FPGA/DE2Extra/neorv32/rtl/core/neorv32_sysinfo.vhd Line: 67
    Info (12023): Found entity 1: neorv32_sysinfo File: E:/Main/JuniorII/NonExam/FPGA/DE2Extra/neorv32/rtl/core/neorv32_sysinfo.vhd Line: 18
Info (12021): Found 4 design units, including 2 entities, in source file /main/juniorii/nonexam/fpga/de2extra/neorv32/rtl/core/neorv32_sys.vhd
    Info (12022): Found design unit 1: neorv32_sys_reset-neorv32_sys_reset_rtl File: E:/Main/JuniorII/NonExam/FPGA/DE2Extra/neorv32/rtl/core/neorv32_sys.vhd Line: 34
    Info (12022): Found design unit 2: neorv32_sys_clock-neorv32_sys_clock_rtl File: E:/Main/JuniorII/NonExam/FPGA/DE2Extra/neorv32/rtl/core/neorv32_sys.vhd Line: 106
    Info (12023): Found entity 1: neorv32_sys_reset File: E:/Main/JuniorII/NonExam/FPGA/DE2Extra/neorv32/rtl/core/neorv32_sys.vhd Line: 17
    Info (12023): Found entity 2: neorv32_sys_clock File: E:/Main/JuniorII/NonExam/FPGA/DE2Extra/neorv32/rtl/core/neorv32_sys.vhd Line: 97
Info (12021): Found 2 design units, including 1 entities, in source file /main/juniorii/nonexam/fpga/de2extra/neorv32/rtl/core/neorv32_uart.vhd
    Info (12022): Found design unit 1: neorv32_uart-neorv32_uart_rtl File: E:/Main/JuniorII/NonExam/FPGA/DE2Extra/neorv32/rtl/core/neorv32_uart.vhd Line: 43
    Info (12023): Found entity 1: neorv32_uart File: E:/Main/JuniorII/NonExam/FPGA/DE2Extra/neorv32/rtl/core/neorv32_uart.vhd Line: 24
Info (12021): Found 2 design units, including 1 entities, in source file /main/juniorii/nonexam/fpga/de2extra/neorv32/rtl/core/neorv32_spi.vhd
    Info (12022): Found design unit 1: neorv32_spi-neorv32_spi_rtl File: E:/Main/JuniorII/NonExam/FPGA/DE2Extra/neorv32/rtl/core/neorv32_spi.vhd Line: 36
    Info (12023): Found entity 1: neorv32_spi File: E:/Main/JuniorII/NonExam/FPGA/DE2Extra/neorv32/rtl/core/neorv32_spi.vhd Line: 18
Info (12021): Found 2 design units, including 1 entities, in source file /main/juniorii/nonexam/fpga/de2extra/neorv32/rtl/core/neorv32_sdi.vhd
    Info (12022): Found design unit 1: neorv32_sdi-neorv32_sdi_rtl File: E:/Main/JuniorII/NonExam/FPGA/DE2Extra/neorv32/rtl/core/neorv32_sdi.vhd Line: 35
    Info (12023): Found entity 1: neorv32_sdi File: E:/Main/JuniorII/NonExam/FPGA/DE2Extra/neorv32/rtl/core/neorv32_sdi.vhd Line: 18
Info (12021): Found 2 design units, including 1 entities, in source file /main/juniorii/nonexam/fpga/de2extra/neorv32/rtl/core/neorv32_twi.vhd
    Info (12022): Found design unit 1: neorv32_twi-neorv32_twi_rtl File: E:/Main/JuniorII/NonExam/FPGA/DE2Extra/neorv32/rtl/core/neorv32_twi.vhd Line: 36
    Info (12023): Found entity 1: neorv32_twi File: E:/Main/JuniorII/NonExam/FPGA/DE2Extra/neorv32/rtl/core/neorv32_twi.vhd Line: 18
Info (12021): Found 2 design units, including 1 entities, in source file /main/juniorii/nonexam/fpga/de2extra/neorv32/rtl/core/neorv32_twd.vhd
    Info (12022): Found design unit 1: neorv32_twd-neorv32_twd_rtl File: E:/Main/JuniorII/NonExam/FPGA/DE2Extra/neorv32/rtl/core/neorv32_twd.vhd Line: 36
    Info (12023): Found entity 1: neorv32_twd File: E:/Main/JuniorII/NonExam/FPGA/DE2Extra/neorv32/rtl/core/neorv32_twd.vhd Line: 18
Info (12021): Found 2 design units, including 1 entities, in source file /main/juniorii/nonexam/fpga/de2extra/neorv32/rtl/core/neorv32_gpio.vhd
    Info (12022): Found design unit 1: neorv32_gpio-neorv32_gpio_rtl File: E:/Main/JuniorII/NonExam/FPGA/DE2Extra/neorv32/rtl/core/neorv32_gpio.vhd Line: 34
    Info (12023): Found entity 1: neorv32_gpio File: E:/Main/JuniorII/NonExam/FPGA/DE2Extra/neorv32/rtl/core/neorv32_gpio.vhd Line: 17
Info (12021): Found 4 design units, including 2 entities, in source file /main/juniorii/nonexam/fpga/de2extra/neorv32/rtl/core/neorv32_pwm.vhd
    Info (12022): Found design unit 1: neorv32_pwm-neorv32_pwm_rtl File: E:/Main/JuniorII/NonExam/FPGA/DE2Extra/neorv32/rtl/core/neorv32_pwm.vhd Line: 35
    Info (12022): Found design unit 2: neorv32_pwm_channel-neorv32_pwm_channel_rtl File: E:/Main/JuniorII/NonExam/FPGA/DE2Extra/neorv32/rtl/core/neorv32_pwm.vhd Line: 208
    Info (12023): Found entity 1: neorv32_pwm File: E:/Main/JuniorII/NonExam/FPGA/DE2Extra/neorv32/rtl/core/neorv32_pwm.vhd Line: 21
    Info (12023): Found entity 2: neorv32_pwm_channel File: E:/Main/JuniorII/NonExam/FPGA/DE2Extra/neorv32/rtl/core/neorv32_pwm.vhd Line: 187
Info (12021): Found 2 design units, including 1 entities, in source file /main/juniorii/nonexam/fpga/de2extra/neorv32/rtl/core/neorv32_wdt.vhd
    Info (12022): Found design unit 1: neorv32_wdt-neorv32_wdt_rtl File: E:/Main/JuniorII/NonExam/FPGA/DE2Extra/neorv32/rtl/core/neorv32_wdt.vhd Line: 31
    Info (12023): Found entity 1: neorv32_wdt File: E:/Main/JuniorII/NonExam/FPGA/DE2Extra/neorv32/rtl/core/neorv32_wdt.vhd Line: 18
Info (12021): Found 6 design units, including 3 entities, in source file /main/juniorii/nonexam/fpga/de2extra/neorv32/rtl/core/neorv32_trng.vhd
    Info (12022): Found design unit 1: neorv32_trng-neorv32_trng_rtl File: E:/Main/JuniorII/NonExam/FPGA/DE2Extra/neorv32/rtl/core/neorv32_trng.vhd Line: 36
    Info (12022): Found design unit 2: neoTRNG-neoTRNG_rtl File: E:/Main/JuniorII/NonExam/FPGA/DE2Extra/neorv32/rtl/core/neorv32_trng.vhd Line: 251
    Info (12022): Found design unit 3: neoTRNG_cell-neoTRNG_cell_rtl File: E:/Main/JuniorII/NonExam/FPGA/DE2Extra/neorv32/rtl/core/neorv32_trng.vhd Line: 424
    Info (12023): Found entity 1: neorv32_trng File: E:/Main/JuniorII/NonExam/FPGA/DE2Extra/neorv32/rtl/core/neorv32_trng.vhd Line: 20
    Info (12023): Found entity 2: neoTRNG File: E:/Main/JuniorII/NonExam/FPGA/DE2Extra/neorv32/rtl/core/neorv32_trng.vhd Line: 235
    Info (12023): Found entity 3: neoTRNG_cell File: E:/Main/JuniorII/NonExam/FPGA/DE2Extra/neorv32/rtl/core/neorv32_trng.vhd Line: 410
Info (12021): Found 2 design units, including 1 entities, in source file /main/juniorii/nonexam/fpga/de2extra/neorv32/rtl/core/neorv32_cfs.vhd
    Info (12022): Found design unit 1: neorv32_cfs-neorv32_cfs_rtl File: E:/Main/JuniorII/NonExam/FPGA/DE2Extra/neorv32/rtl/core/neorv32_cfs.vhd Line: 34
    Info (12023): Found entity 1: neorv32_cfs File: E:/Main/JuniorII/NonExam/FPGA/DE2Extra/neorv32/rtl/core/neorv32_cfs.vhd Line: 18
Info (12021): Found 2 design units, including 1 entities, in source file /main/juniorii/nonexam/fpga/de2extra/neorv32/rtl/core/neorv32_neoled.vhd
    Info (12022): Found design unit 1: neorv32_neoled-neorv32_neoled_rtl File: E:/Main/JuniorII/NonExam/FPGA/DE2Extra/neorv32/rtl/core/neorv32_neoled.vhd Line: 33
    Info (12023): Found entity 1: neorv32_neoled File: E:/Main/JuniorII/NonExam/FPGA/DE2Extra/neorv32/rtl/core/neorv32_neoled.vhd Line: 18
Info (12021): Found 4 design units, including 2 entities, in source file /main/juniorii/nonexam/fpga/de2extra/neorv32/rtl/core/neorv32_gptmr.vhd
    Info (12022): Found design unit 1: neorv32_gptmr-neorv32_gptmr_rtl File: E:/Main/JuniorII/NonExam/FPGA/DE2Extra/neorv32/rtl/core/neorv32_gptmr.vhd Line: 34
    Info (12022): Found design unit 2: neorv32_gptmr_slice-neorv32_gptmr_slice_rtl File: E:/Main/JuniorII/NonExam/FPGA/DE2Extra/neorv32/rtl/core/neorv32_gptmr.vhd Line: 232
    Info (12023): Found entity 1: neorv32_gptmr File: E:/Main/JuniorII/NonExam/FPGA/DE2Extra/neorv32/rtl/core/neorv32_gptmr.vhd Line: 20
    Info (12023): Found entity 2: neorv32_gptmr_slice File: E:/Main/JuniorII/NonExam/FPGA/DE2Extra/neorv32/rtl/core/neorv32_gptmr.vhd Line: 213
Info (12021): Found 2 design units, including 1 entities, in source file /main/juniorii/nonexam/fpga/de2extra/neorv32/rtl/core/neorv32_onewire.vhd
    Info (12022): Found design unit 1: neorv32_onewire-neorv32_onewire_rtl File: E:/Main/JuniorII/NonExam/FPGA/DE2Extra/neorv32/rtl/core/neorv32_onewire.vhd Line: 34
    Info (12023): Found entity 1: neorv32_onewire File: E:/Main/JuniorII/NonExam/FPGA/DE2Extra/neorv32/rtl/core/neorv32_onewire.vhd Line: 18
Info (12021): Found 2 design units, including 1 entities, in source file /main/juniorii/nonexam/fpga/de2extra/neorv32/rtl/core/neorv32_dma.vhd
    Info (12022): Found design unit 1: neorv32_dma-neorv32_dma_rtl File: E:/Main/JuniorII/NonExam/FPGA/DE2Extra/neorv32/rtl/core/neorv32_dma.vhd Line: 33
    Info (12023): Found entity 1: neorv32_dma File: E:/Main/JuniorII/NonExam/FPGA/DE2Extra/neorv32/rtl/core/neorv32_dma.vhd Line: 18
Info (12021): Found 2 design units, including 1 entities, in source file /main/juniorii/nonexam/fpga/de2extra/neorv32/rtl/core/neorv32_slink.vhd
    Info (12022): Found design unit 1: neorv32_slink-neorv32_slink_rtl File: E:/Main/JuniorII/NonExam/FPGA/DE2Extra/neorv32/rtl/core/neorv32_slink.vhd Line: 45
    Info (12023): Found entity 1: neorv32_slink File: E:/Main/JuniorII/NonExam/FPGA/DE2Extra/neorv32/rtl/core/neorv32_slink.vhd Line: 18
Info (12021): Found 2 design units, including 1 entities, in source file /main/juniorii/nonexam/fpga/de2extra/neorv32/rtl/core/neorv32_tracer.vhd
    Info (12022): Found design unit 1: neorv32_tracer-neorv32_tracer_rtl File: E:/Main/JuniorII/NonExam/FPGA/DE2Extra/neorv32/rtl/core/neorv32_tracer.vhd Line: 37
    Info (12023): Found entity 1: neorv32_tracer File: E:/Main/JuniorII/NonExam/FPGA/DE2Extra/neorv32/rtl/core/neorv32_tracer.vhd Line: 18
Info (12021): Found 4 design units, including 2 entities, in source file /main/juniorii/nonexam/fpga/de2extra/neorv32/rtl/core/neorv32_clint.vhd
    Info (12022): Found design unit 1: neorv32_clint-neorv32_clint_rtl File: E:/Main/JuniorII/NonExam/FPGA/DE2Extra/neorv32/rtl/core/neorv32_clint.vhd Line: 36
    Info (12022): Found design unit 2: neorv32_clint_mtimecmp-neorv32_clint_mtimecmp_rtl File: E:/Main/JuniorII/NonExam/FPGA/DE2Extra/neorv32/rtl/core/neorv32_clint.vhd Line: 222
    Info (12023): Found entity 1: neorv32_clint File: E:/Main/JuniorII/NonExam/FPGA/DE2Extra/neorv32/rtl/core/neorv32_clint.vhd Line: 21
    Info (12023): Found entity 2: neorv32_clint_mtimecmp File: E:/Main/JuniorII/NonExam/FPGA/DE2Extra/neorv32/rtl/core/neorv32_clint.vhd Line: 209
Info (12021): Found 2 design units, including 1 entities, in source file /main/juniorii/nonexam/fpga/de2extra/neorv32/rtl/core/neorv32_xbus.vhd
    Info (12022): Found design unit 1: neorv32_xbus-neorv32_xbus_rtl File: E:/Main/JuniorII/NonExam/FPGA/DE2Extra/neorv32/rtl/core/neorv32_xbus.vhd Line: 44
    Info (12023): Found entity 1: neorv32_xbus File: E:/Main/JuniorII/NonExam/FPGA/DE2Extra/neorv32/rtl/core/neorv32_xbus.vhd Line: 20
Info (12021): Found 12 design units, including 6 entities, in source file /main/juniorii/nonexam/fpga/de2extra/neorv32/rtl/core/neorv32_bus.vhd
    Info (12022): Found design unit 1: neorv32_bus_switch-neorv32_bus_switch_rtl File: E:/Main/JuniorII/NonExam/FPGA/DE2Extra/neorv32/rtl/core/neorv32_bus.vhd Line: 35
    Info (12022): Found design unit 2: neorv32_bus_reg-neorv32_bus_reg_rtl File: E:/Main/JuniorII/NonExam/FPGA/DE2Extra/neorv32/rtl/core/neorv32_bus.vhd Line: 189
    Info (12022): Found design unit 3: neorv32_bus_gateway-neorv32_bus_gateway_rtl File: E:/Main/JuniorII/NonExam/FPGA/DE2Extra/neorv32/rtl/core/neorv32_bus.vhd Line: 302
    Info (12022): Found design unit 4: neorv32_bus_io_switch-neorv32_bus_io_switch_rtl File: E:/Main/JuniorII/NonExam/FPGA/DE2Extra/neorv32/rtl/core/neorv32_bus.vhd Line: 546
    Info (12022): Found design unit 5: neorv32_bus_amo_rmw-neorv32_bus_amo_rmw_rtl File: E:/Main/JuniorII/NonExam/FPGA/DE2Extra/neorv32/rtl/core/neorv32_bus.vhd Line: 715
    Info (12022): Found design unit 6: neorv32_bus_amo_rvs-neorv32_bus_amo_rvs_rtl File: E:/Main/JuniorII/NonExam/FPGA/DE2Extra/neorv32/rtl/core/neorv32_bus.vhd Line: 868
    Info (12023): Found entity 1: neorv32_bus_switch File: E:/Main/JuniorII/NonExam/FPGA/DE2Extra/neorv32/rtl/core/neorv32_bus.vhd Line: 17
    Info (12023): Found entity 2: neorv32_bus_reg File: E:/Main/JuniorII/NonExam/FPGA/DE2Extra/neorv32/rtl/core/neorv32_bus.vhd Line: 172
    Info (12023): Found entity 3: neorv32_bus_gateway File: E:/Main/JuniorII/NonExam/FPGA/DE2Extra/neorv32/rtl/core/neorv32_bus.vhd Line: 263
    Info (12023): Found entity 4: neorv32_bus_io_switch File: E:/Main/JuniorII/NonExam/FPGA/DE2Extra/neorv32/rtl/core/neorv32_bus.vhd Line: 466
    Info (12023): Found entity 5: neorv32_bus_amo_rmw File: E:/Main/JuniorII/NonExam/FPGA/DE2Extra/neorv32/rtl/core/neorv32_bus.vhd Line: 701
    Info (12023): Found entity 6: neorv32_bus_amo_rvs File: E:/Main/JuniorII/NonExam/FPGA/DE2Extra/neorv32/rtl/core/neorv32_bus.vhd Line: 854
Info (12021): Found 2 design units, including 1 entities, in source file /main/juniorii/nonexam/fpga/de2extra/neorv32/rtl/core/neorv32_debug_auth.vhd
    Info (12022): Found design unit 1: neorv32_debug_auth-neorv32_debug_auth_rtl File: E:/Main/JuniorII/NonExam/FPGA/DE2Extra/neorv32/rtl/core/neorv32_debug_auth.vhd Line: 36
    Info (12023): Found entity 1: neorv32_debug_auth File: E:/Main/JuniorII/NonExam/FPGA/DE2Extra/neorv32/rtl/core/neorv32_debug_auth.vhd Line: 19
Info (12021): Found 2 design units, including 1 entities, in source file /main/juniorii/nonexam/fpga/de2extra/neorv32/rtl/core/neorv32_debug_dm.vhd
    Info (12022): Found design unit 1: neorv32_debug_dm-neorv32_debug_dm_rtl File: E:/Main/JuniorII/NonExam/FPGA/DE2Extra/neorv32/rtl/core/neorv32_debug_dm.vhd Line: 42
    Info (12023): Found entity 1: neorv32_debug_dm File: E:/Main/JuniorII/NonExam/FPGA/DE2Extra/neorv32/rtl/core/neorv32_debug_dm.vhd Line: 21
Info (12021): Found 2 design units, including 1 entities, in source file /main/juniorii/nonexam/fpga/de2extra/neorv32/rtl/core/neorv32_debug_dtm.vhd
    Info (12022): Found design unit 1: neorv32_debug_dtm-neorv32_debug_dtm_rtl File: E:/Main/JuniorII/NonExam/FPGA/DE2Extra/neorv32/rtl/core/neorv32_debug_dtm.vhd Line: 40
    Info (12023): Found entity 1: neorv32_debug_dtm File: E:/Main/JuniorII/NonExam/FPGA/DE2Extra/neorv32/rtl/core/neorv32_debug_dtm.vhd Line: 19
Info (12021): Found 2 design units, including 1 entities, in source file /main/juniorii/nonexam/fpga/de2extra/neorv32/rtl/core/neorv32_cpu_regfile.vhd
    Info (12022): Found design unit 1: neorv32_cpu_regfile-neorv32_cpu_regfile_rtl File: E:/Main/JuniorII/NonExam/FPGA/DE2Extra/neorv32/rtl/core/neorv32_cpu_regfile.vhd Line: 46
    Info (12023): Found entity 1: neorv32_cpu_regfile File: E:/Main/JuniorII/NonExam/FPGA/DE2Extra/neorv32/rtl/core/neorv32_cpu_regfile.vhd Line: 28
Info (12021): Found 2 design units, including 1 entities, in source file /main/juniorii/nonexam/fpga/de2extra/neorv32/rtl/core/neorv32_cpu_alu.vhd
    Info (12022): Found design unit 1: neorv32_cpu_alu-neorv32_cpu_alu_rtl File: E:/Main/JuniorII/NonExam/FPGA/DE2Extra/neorv32/rtl/core/neorv32_cpu_alu.vhd Line: 61
    Info (12023): Found entity 1: neorv32_cpu_alu File: E:/Main/JuniorII/NonExam/FPGA/DE2Extra/neorv32/rtl/core/neorv32_cpu_alu.vhd Line: 18
Info (12021): Found 2 design units, including 1 entities, in source file /main/juniorii/nonexam/fpga/de2extra/neorv32/rtl/core/neorv32_cpu_alu_bitmanip.vhd
    Info (12022): Found design unit 1: neorv32_cpu_alu_bitmanip-neorv32_cpu_alu_bitmanip_rtl File: E:/Main/JuniorII/NonExam/FPGA/DE2Extra/neorv32/rtl/core/neorv32_cpu_alu_bitmanip.vhd Line: 55
    Info (12023): Found entity 1: neorv32_cpu_alu_bitmanip File: E:/Main/JuniorII/NonExam/FPGA/DE2Extra/neorv32/rtl/core/neorv32_cpu_alu_bitmanip.vhd Line: 28
Info (12021): Found 2 design units, including 1 entities, in source file /main/juniorii/nonexam/fpga/de2extra/neorv32/rtl/core/neorv32_cpu_alu_cfu.vhd
    Info (12022): Found design unit 1: neorv32_cpu_alu_cfu-neorv32_cpu_alu_cfu_rtl File: E:/Main/JuniorII/NonExam/FPGA/DE2Extra/neorv32/rtl/core/neorv32_cpu_alu_cfu.vhd Line: 37
    Info (12023): Found entity 1: neorv32_cpu_alu_cfu File: E:/Main/JuniorII/NonExam/FPGA/DE2Extra/neorv32/rtl/core/neorv32_cpu_alu_cfu.vhd Line: 21
Info (12021): Found 2 design units, including 1 entities, in source file /main/juniorii/nonexam/fpga/de2extra/neorv32/rtl/core/neorv32_cpu_alu_cond.vhd
    Info (12022): Found design unit 1: neorv32_cpu_alu_cond-neorv32_cpu_alu_cond_rtl File: E:/Main/JuniorII/NonExam/FPGA/DE2Extra/neorv32/rtl/core/neorv32_cpu_alu_cond.vhd Line: 32
    Info (12023): Found entity 1: neorv32_cpu_alu_cond File: E:/Main/JuniorII/NonExam/FPGA/DE2Extra/neorv32/rtl/core/neorv32_cpu_alu_cond.vhd Line: 17
Info (12021): Found 2 design units, including 1 entities, in source file /main/juniorii/nonexam/fpga/de2extra/neorv32/rtl/core/neorv32_cpu_alu_crypto.vhd
    Info (12022): Found design unit 1: neorv32_cpu_alu_crypto-neorv32_cpu_alu_crypto_rtl File: E:/Main/JuniorII/NonExam/FPGA/DE2Extra/neorv32/rtl/core/neorv32_cpu_alu_crypto.vhd Line: 47
    Info (12023): Found entity 1: neorv32_cpu_alu_crypto File: E:/Main/JuniorII/NonExam/FPGA/DE2Extra/neorv32/rtl/core/neorv32_cpu_alu_crypto.vhd Line: 25
Info (12021): Found 6 design units, including 3 entities, in source file /main/juniorii/nonexam/fpga/de2extra/neorv32/rtl/core/neorv32_cpu_alu_fpu.vhd
    Info (12022): Found design unit 1: neorv32_cpu_alu_fpu-neorv32_cpu_alu_fpu_rtl File: E:/Main/JuniorII/NonExam/FPGA/DE2Extra/neorv32/rtl/core/neorv32_cpu_alu_fpu.vhd Line: 59
    Info (12022): Found design unit 2: neorv32_cpu_alu_fpu_normalizer-neorv32_cpu_alu_fpu_normalizer_rtl File: E:/Main/JuniorII/NonExam/FPGA/DE2Extra/neorv32/rtl/core/neorv32_cpu_alu_fpu.vhd Line: 1547
    Info (12022): Found design unit 3: neorv32_cpu_alu_fpu_f2i-neorv32_cpu_alu_fpu_f2i_rtl File: E:/Main/JuniorII/NonExam/FPGA/DE2Extra/neorv32/rtl/core/neorv32_cpu_alu_fpu.vhd Line: 1980
    Info (12023): Found entity 1: neorv32_cpu_alu_fpu File: E:/Main/JuniorII/NonExam/FPGA/DE2Extra/neorv32/rtl/core/neorv32_cpu_alu_fpu.vhd Line: 33
    Info (12023): Found entity 2: neorv32_cpu_alu_fpu_normalizer File: E:/Main/JuniorII/NonExam/FPGA/DE2Extra/neorv32/rtl/core/neorv32_cpu_alu_fpu.vhd Line: 1521
    Info (12023): Found entity 3: neorv32_cpu_alu_fpu_f2i File: E:/Main/JuniorII/NonExam/FPGA/DE2Extra/neorv32/rtl/core/neorv32_cpu_alu_fpu.vhd Line: 1956
Info (12021): Found 2 design units, including 1 entities, in source file /main/juniorii/nonexam/fpga/de2extra/neorv32/rtl/core/neorv32_cpu_alu_muldiv.vhd
    Info (12022): Found design unit 1: neorv32_cpu_alu_muldiv-neorv32_cpu_alu_muldiv_rtl File: E:/Main/JuniorII/NonExam/FPGA/DE2Extra/neorv32/rtl/core/neorv32_cpu_alu_muldiv.vhd Line: 42
    Info (12023): Found entity 1: neorv32_cpu_alu_muldiv File: E:/Main/JuniorII/NonExam/FPGA/DE2Extra/neorv32/rtl/core/neorv32_cpu_alu_muldiv.vhd Line: 23
Info (12021): Found 2 design units, including 1 entities, in source file /main/juniorii/nonexam/fpga/de2extra/neorv32/rtl/core/neorv32_cpu_alu_shifter.vhd
    Info (12022): Found design unit 1: neorv32_cpu_alu_shifter-neorv32_cpu_alu_shifter_rtl File: E:/Main/JuniorII/NonExam/FPGA/DE2Extra/neorv32/rtl/core/neorv32_cpu_alu_shifter.vhd Line: 39
    Info (12023): Found entity 1: neorv32_cpu_alu_shifter File: E:/Main/JuniorII/NonExam/FPGA/DE2Extra/neorv32/rtl/core/neorv32_cpu_alu_shifter.vhd Line: 21
Info (12021): Found 2 design units, including 1 entities, in source file /main/juniorii/nonexam/fpga/de2extra/neorv32/rtl/core/neorv32_cpu_control.vhd
    Info (12022): Found design unit 1: neorv32_cpu_control-neorv32_cpu_control_rtl File: E:/Main/JuniorII/NonExam/FPGA/DE2Extra/neorv32/rtl/core/neorv32_cpu_control.vhd Line: 92
    Info (12023): Found entity 1: neorv32_cpu_control File: E:/Main/JuniorII/NonExam/FPGA/DE2Extra/neorv32/rtl/core/neorv32_cpu_control.vhd Line: 18
Info (12021): Found 2 design units, including 1 entities, in source file /main/juniorii/nonexam/fpga/de2extra/neorv32/rtl/core/neorv32_cpu_counters.vhd
    Info (12022): Found design unit 1: neorv32_cpu_counters-neorv32_cpu_counters_rtl File: E:/Main/JuniorII/NonExam/FPGA/DE2Extra/neorv32/rtl/core/neorv32_cpu_counters.vhd Line: 44
    Info (12023): Found entity 1: neorv32_cpu_counters File: E:/Main/JuniorII/NonExam/FPGA/DE2Extra/neorv32/rtl/core/neorv32_cpu_counters.vhd Line: 23
Info (12021): Found 2 design units, including 1 entities, in source file /main/juniorii/nonexam/fpga/de2extra/neorv32/rtl/core/neorv32_cpu_decompressor.vhd
    Info (12022): Found design unit 1: neorv32_cpu_decompressor-neorv32_cpu_decompressor_rtl File: E:/Main/JuniorII/NonExam/FPGA/DE2Extra/neorv32/rtl/core/neorv32_cpu_decompressor.vhd Line: 31
    Info (12023): Found entity 1: neorv32_cpu_decompressor File: E:/Main/JuniorII/NonExam/FPGA/DE2Extra/neorv32/rtl/core/neorv32_cpu_decompressor.vhd Line: 21
Info (12021): Found 4 design units, including 2 entities, in source file /main/juniorii/nonexam/fpga/de2extra/neorv32/rtl/core/neorv32_cpu_frontend.vhd
    Info (12022): Found design unit 1: neorv32_cpu_frontend-neorv32_cpu_frontend_rtl File: E:/Main/JuniorII/NonExam/FPGA/DE2Extra/neorv32/rtl/core/neorv32_cpu_frontend.vhd Line: 45
    Info (12022): Found design unit 2: neorv32_cpu_frontend_ipb-neorv32_cpu_frontend_ipb_rtl File: E:/Main/JuniorII/NonExam/FPGA/DE2Extra/neorv32/rtl/core/neorv32_cpu_frontend.vhd Line: 350
    Info (12023): Found entity 1: neorv32_cpu_frontend File: E:/Main/JuniorII/NonExam/FPGA/DE2Extra/neorv32/rtl/core/neorv32_cpu_frontend.vhd Line: 22
    Info (12023): Found entity 2: neorv32_cpu_frontend_ipb File: E:/Main/JuniorII/NonExam/FPGA/DE2Extra/neorv32/rtl/core/neorv32_cpu_frontend.vhd Line: 329
Info (12021): Found 2 design units, including 1 entities, in source file /main/juniorii/nonexam/fpga/de2extra/neorv32/rtl/core/neorv32_cpu_hwtrig.vhd
    Info (12022): Found design unit 1: neorv32_cpu_hwtrig-neorv32_cpu_hwtrig_rtl File: E:/Main/JuniorII/NonExam/FPGA/DE2Extra/neorv32/rtl/core/neorv32_cpu_hwtrig.vhd Line: 39
    Info (12023): Found entity 1: neorv32_cpu_hwtrig File: E:/Main/JuniorII/NonExam/FPGA/DE2Extra/neorv32/rtl/core/neorv32_cpu_hwtrig.vhd Line: 21
Info (12021): Found 2 design units, including 1 entities, in source file /main/juniorii/nonexam/fpga/de2extra/neorv32/rtl/core/neorv32_cpu_lsu.vhd
    Info (12022): Found design unit 1: neorv32_cpu_lsu-neorv32_cpu_lsu_rtl File: E:/Main/JuniorII/NonExam/FPGA/DE2Extra/neorv32/rtl/core/neorv32_cpu_lsu.vhd Line: 42
    Info (12023): Found entity 1: neorv32_cpu_lsu File: E:/Main/JuniorII/NonExam/FPGA/DE2Extra/neorv32/rtl/core/neorv32_cpu_lsu.vhd Line: 18
Info (12021): Found 2 design units, including 1 entities, in source file /main/juniorii/nonexam/fpga/de2extra/neorv32/rtl/core/neorv32_cpu_pmp.vhd
    Info (12022): Found design unit 1: neorv32_cpu_pmp-neorv32_cpu_pmp_rtl File: E:/Main/JuniorII/NonExam/FPGA/DE2Extra/neorv32/rtl/core/neorv32_cpu_pmp.vhd Line: 46
    Info (12023): Found entity 1: neorv32_cpu_pmp File: E:/Main/JuniorII/NonExam/FPGA/DE2Extra/neorv32/rtl/core/neorv32_cpu_pmp.vhd Line: 22
Info (12021): Found 4 design units, including 2 entities, in source file /main/juniorii/nonexam/fpga/de2extra/neorv32/rtl/core/neorv32_cpu_trace.vhd
    Info (12022): Found design unit 1: neorv32_cpu_trace-neorv32_cpu_trace_rtl File: E:/Main/JuniorII/NonExam/FPGA/DE2Extra/neorv32/rtl/core/neorv32_cpu_trace.vhd Line: 36
    Info (12022): Found design unit 2: neorv32_cpu_trace_simlog-neorv32_cpu_trace_simlog_rtl File: E:/Main/JuniorII/NonExam/FPGA/DE2Extra/neorv32/rtl/core/neorv32_cpu_trace.vhd Line: 201
    Info (12023): Found entity 1: neorv32_cpu_trace File: E:/Main/JuniorII/NonExam/FPGA/DE2Extra/neorv32/rtl/core/neorv32_cpu_trace.vhd Line: 18
    Info (12023): Found entity 2: neorv32_cpu_trace_simlog File: E:/Main/JuniorII/NonExam/FPGA/DE2Extra/neorv32/rtl/core/neorv32_cpu_trace.vhd Line: 190
Info (12021): Found 2 design units, including 1 entities, in source file /main/juniorii/nonexam/fpga/de2extra/neorv32/rtl/core/neorv32_cpu.vhd
    Info (12022): Found design unit 1: neorv32_cpu-neorv32_cpu_rtl File: E:/Main/JuniorII/NonExam/FPGA/DE2Extra/neorv32/rtl/core/neorv32_cpu.vhd Line: 102
    Info (12023): Found entity 1: neorv32_cpu File: E:/Main/JuniorII/NonExam/FPGA/DE2Extra/neorv32/rtl/core/neorv32_cpu.vhd Line: 21
Info (12021): Found 2 design units, including 1 entities, in source file /main/juniorii/nonexam/fpga/de2extra/neorv32/rtl/core/neorv32_top.vhd
    Info (12022): Found design unit 1: neorv32_top-neorv32_top_rtl File: E:/Main/JuniorII/NonExam/FPGA/DE2Extra/neorv32/rtl/core/neorv32_top.vhd Line: 284
    Info (12023): Found entity 1: neorv32_top File: E:/Main/JuniorII/NonExam/FPGA/DE2Extra/neorv32/rtl/core/neorv32_top.vhd Line: 21
Info (12021): Found 1 design units, including 0 entities, in source file /main/juniorii/nonexam/fpga/de2extra/neorv32/rtl/core/neorv32_imem_image.vhd
    Info (12022): Found design unit 1: neorv32_imem_image File: E:/Main/JuniorII/NonExam/FPGA/DE2Extra/neorv32/rtl/core/neorv32_imem_image.vhd Line: 4
Info (12021): Found 2 design units, including 1 entities, in source file /main/juniorii/nonexam/fpga/de2extra/src/rtl/periph/lcd_wb.vhd
    Info (12022): Found design unit 1: lcd_wb-rtl File: E:/Main/JuniorII/NonExam/FPGA/DE2Extra/src/rtl/periph/lcd_wb.vhd Line: 33
    Info (12023): Found entity 1: lcd_wb File: E:/Main/JuniorII/NonExam/FPGA/DE2Extra/src/rtl/periph/lcd_wb.vhd Line: 12
Info (12021): Found 2 design units, including 1 entities, in source file /main/juniorii/nonexam/fpga/de2extra/src/rtl/periph/chroma_dp_ram.vhd
    Info (12022): Found design unit 1: chroma_dp_ram-rtl File: E:/Main/JuniorII/NonExam/FPGA/DE2Extra/src/rtl/periph/chroma_dp_ram.vhd Line: 27
    Info (12023): Found entity 1: chroma_dp_ram File: E:/Main/JuniorII/NonExam/FPGA/DE2Extra/src/rtl/periph/chroma_dp_ram.vhd Line: 9
Info (12127): Elaborating entity "de2os_top" for the top level hierarchy
Warning (10541): VHDL Signal Declaration warning at de2os_top.vhd(84): used implicit default value for signal "AUD_XCK" because signal was never assigned a value or an explicit default value. Use of implicit default value may introduce unintended design optimizations. File: E:/Main/JuniorII/NonExam/FPGA/DE2Extra/src/rtl/de2os_top.vhd Line: 84
Warning (10541): VHDL Signal Declaration warning at de2os_top.vhd(85): used implicit default value for signal "AUD_BCLK" because signal was never assigned a value or an explicit default value. Use of implicit default value may introduce unintended design optimizations. File: E:/Main/JuniorII/NonExam/FPGA/DE2Extra/src/rtl/de2os_top.vhd Line: 85
Warning (10541): VHDL Signal Declaration warning at de2os_top.vhd(86): used implicit default value for signal "AUD_DACLRCK" because signal was never assigned a value or an explicit default value. Use of implicit default value may introduce unintended design optimizations. File: E:/Main/JuniorII/NonExam/FPGA/DE2Extra/src/rtl/de2os_top.vhd Line: 86
Warning (10541): VHDL Signal Declaration warning at de2os_top.vhd(87): used implicit default value for signal "AUD_DACDAT" because signal was never assigned a value or an explicit default value. Use of implicit default value may introduce unintended design optimizations. File: E:/Main/JuniorII/NonExam/FPGA/DE2Extra/src/rtl/de2os_top.vhd Line: 87
Warning (10541): VHDL Signal Declaration warning at de2os_top.vhd(88): used implicit default value for signal "I2C_SCLK" because signal was never assigned a value or an explicit default value. Use of implicit default value may introduce unintended design optimizations. File: E:/Main/JuniorII/NonExam/FPGA/DE2Extra/src/rtl/de2os_top.vhd Line: 88
Warning (10036): Verilog HDL or VHDL warning at de2os_top.vhd(100): object "clk_18m" assigned a value but never read File: E:/Main/JuniorII/NonExam/FPGA/DE2Extra/src/rtl/de2os_top.vhd Line: 100
Warning (10036): Verilog HDL or VHDL warning at de2os_top.vhd(121): object "xbus_tag" assigned a value but never read File: E:/Main/JuniorII/NonExam/FPGA/DE2Extra/src/rtl/de2os_top.vhd Line: 121
Warning (10036): Verilog HDL or VHDL warning at de2os_top.vhd(158): object "ps2_irq" assigned a value but never read File: E:/Main/JuniorII/NonExam/FPGA/DE2Extra/src/rtl/de2os_top.vhd Line: 158
Warning (10036): Verilog HDL or VHDL warning at de2os_top.vhd(159): object "ps2_valid" assigned a value but never read File: E:/Main/JuniorII/NonExam/FPGA/DE2Extra/src/rtl/de2os_top.vhd Line: 159
Warning (10036): Verilog HDL or VHDL warning at de2os_top.vhd(160): object "ps2_scancode" assigned a value but never read File: E:/Main/JuniorII/NonExam/FPGA/DE2Extra/src/rtl/de2os_top.vhd Line: 160
Warning (10036): Verilog HDL or VHDL warning at de2os_top.vhd(212): object "ntt_wb_adr" assigned a value but never read File: E:/Main/JuniorII/NonExam/FPGA/DE2Extra/src/rtl/de2os_top.vhd Line: 212
Warning (10036): Verilog HDL or VHDL warning at de2os_top.vhd(213): object "ntt_wb_dat_o" assigned a value but never read File: E:/Main/JuniorII/NonExam/FPGA/DE2Extra/src/rtl/de2os_top.vhd Line: 213
Warning (10036): Verilog HDL or VHDL warning at de2os_top.vhd(215): object "ntt_wb_we" assigned a value but never read File: E:/Main/JuniorII/NonExam/FPGA/DE2Extra/src/rtl/de2os_top.vhd Line: 215
Warning (10036): Verilog HDL or VHDL warning at de2os_top.vhd(216): object "ntt_wb_stb" assigned a value but never read File: E:/Main/JuniorII/NonExam/FPGA/DE2Extra/src/rtl/de2os_top.vhd Line: 216
Warning (10036): Verilog HDL or VHDL warning at de2os_top.vhd(233): object "synth_wb_adr" assigned a value but never read File: E:/Main/JuniorII/NonExam/FPGA/DE2Extra/src/rtl/de2os_top.vhd Line: 233
Warning (10036): Verilog HDL or VHDL warning at de2os_top.vhd(234): object "synth_wb_dat_o" assigned a value but never read File: E:/Main/JuniorII/NonExam/FPGA/DE2Extra/src/rtl/de2os_top.vhd Line: 234
Warning (10036): Verilog HDL or VHDL warning at de2os_top.vhd(236): object "synth_wb_we" assigned a value but never read File: E:/Main/JuniorII/NonExam/FPGA/DE2Extra/src/rtl/de2os_top.vhd Line: 236
Warning (10036): Verilog HDL or VHDL warning at de2os_top.vhd(237): object "synth_wb_stb" assigned a value but never read File: E:/Main/JuniorII/NonExam/FPGA/DE2Extra/src/rtl/de2os_top.vhd Line: 237
Warning (10036): Verilog HDL or VHDL warning at de2os_top.vhd(267): object "exp_uart_txd" assigned a value but never read File: E:/Main/JuniorII/NonExam/FPGA/DE2Extra/src/rtl/de2os_top.vhd Line: 267
Info (12128): Elaborating entity "clk_rst_gen" for hierarchy "clk_rst_gen:u_clk_rst" File: E:/Main/JuniorII/NonExam/FPGA/DE2Extra/src/rtl/de2os_top.vhd Line: 342
Info (12128): Elaborating entity "altpll_50_100" for hierarchy "clk_rst_gen:u_clk_rst|altpll_50_100:u_pll" File: E:/Main/JuniorII/NonExam/FPGA/DE2Extra/src/rtl/glue/clk_rst_gen.vhd Line: 36
Info (12128): Elaborating entity "altpll" for hierarchy "clk_rst_gen:u_clk_rst|altpll_50_100:u_pll|altpll:u_pll" File: E:/Main/JuniorII/NonExam/FPGA/DE2Extra/src/ip/altpll_50_100.vhd Line: 125
Info (12130): Elaborated megafunction instantiation "clk_rst_gen:u_clk_rst|altpll_50_100:u_pll|altpll:u_pll" File: E:/Main/JuniorII/NonExam/FPGA/DE2Extra/src/ip/altpll_50_100.vhd Line: 125
Info (12133): Instantiated megafunction "clk_rst_gen:u_clk_rst|altpll_50_100:u_pll|altpll:u_pll" with the following parameter: File: E:/Main/JuniorII/NonExam/FPGA/DE2Extra/src/ip/altpll_50_100.vhd Line: 125
    Info (12134): Parameter "bandwidth_type" = "AUTO"
    Info (12134): Parameter "clk0_divide_by" = "1"
    Info (12134): Parameter "clk0_duty_cycle" = "50"
    Info (12134): Parameter "clk0_multiply_by" = "1"
    Info (12134): Parameter "clk0_phase_shift" = "0"
    Info (12134): Parameter "clk1_divide_by" = "1"
    Info (12134): Parameter "clk1_duty_cycle" = "50"
    Info (12134): Parameter "clk1_multiply_by" = "2"
    Info (12134): Parameter "clk1_phase_shift" = "0"
    Info (12134): Parameter "clk2_divide_by" = "1"
    Info (12134): Parameter "clk2_duty_cycle" = "50"
    Info (12134): Parameter "clk2_multiply_by" = "2"
    Info (12134): Parameter "clk2_phase_shift" = "1560"
    Info (12134): Parameter "clk3_divide_by" = "2"
    Info (12134): Parameter "clk3_duty_cycle" = "50"
    Info (12134): Parameter "clk3_multiply_by" = "1"
    Info (12134): Parameter "clk3_phase_shift" = "0"
    Info (12134): Parameter "compensate_clock" = "CLK0"
    Info (12134): Parameter "inclk0_input_frequency" = "20000"
    Info (12134): Parameter "intended_device_family" = "Cyclone IV E"
    Info (12134): Parameter "lpm_hint" = "CBX_MODULE_PREFIX=altpll_50_100"
    Info (12134): Parameter "lpm_type" = "altpll"
    Info (12134): Parameter "operation_mode" = "NORMAL"
    Info (12134): Parameter "pll_type" = "AUTO"
    Info (12134): Parameter "port_activeclock" = "PORT_UNUSED"
    Info (12134): Parameter "port_areset" = "PORT_USED"
    Info (12134): Parameter "port_clkbad0" = "PORT_UNUSED"
    Info (12134): Parameter "port_clkbad1" = "PORT_UNUSED"
    Info (12134): Parameter "port_clkloss" = "PORT_UNUSED"
    Info (12134): Parameter "port_clkswitch" = "PORT_UNUSED"
    Info (12134): Parameter "port_configupdate" = "PORT_UNUSED"
    Info (12134): Parameter "port_fbin" = "PORT_UNUSED"
    Info (12134): Parameter "port_inclk0" = "PORT_USED"
    Info (12134): Parameter "port_inclk1" = "PORT_UNUSED"
    Info (12134): Parameter "port_locked" = "PORT_USED"
    Info (12134): Parameter "port_pfdena" = "PORT_UNUSED"
    Info (12134): Parameter "port_phasecounterselect" = "PORT_UNUSED"
    Info (12134): Parameter "port_phasedone" = "PORT_UNUSED"
    Info (12134): Parameter "port_phasestep" = "PORT_UNUSED"
    Info (12134): Parameter "port_phaseupdown" = "PORT_UNUSED"
    Info (12134): Parameter "port_pllena" = "PORT_UNUSED"
    Info (12134): Parameter "port_scanaclr" = "PORT_UNUSED"
    Info (12134): Parameter "port_scanclk" = "PORT_UNUSED"
    Info (12134): Parameter "port_scanclkena" = "PORT_UNUSED"
    Info (12134): Parameter "port_scandata" = "PORT_UNUSED"
    Info (12134): Parameter "port_scandataout" = "PORT_UNUSED"
    Info (12134): Parameter "port_scandone" = "PORT_UNUSED"
    Info (12134): Parameter "port_scanread" = "PORT_UNUSED"
    Info (12134): Parameter "port_scanwrite" = "PORT_UNUSED"
    Info (12134): Parameter "port_clk0" = "PORT_USED"
    Info (12134): Parameter "port_clk1" = "PORT_USED"
    Info (12134): Parameter "port_clk2" = "PORT_USED"
    Info (12134): Parameter "port_clk3" = "PORT_USED"
    Info (12134): Parameter "port_clk4" = "PORT_UNUSED"
    Info (12134): Parameter "port_clk5" = "PORT_UNUSED"
    Info (12134): Parameter "port_clkena0" = "PORT_UNUSED"
    Info (12134): Parameter "port_clkena1" = "PORT_UNUSED"
    Info (12134): Parameter "port_clkena2" = "PORT_UNUSED"
    Info (12134): Parameter "port_clkena3" = "PORT_UNUSED"
    Info (12134): Parameter "port_clkena4" = "PORT_UNUSED"
    Info (12134): Parameter "port_clkena5" = "PORT_UNUSED"
    Info (12134): Parameter "port_extclk0" = "PORT_UNUSED"
    Info (12134): Parameter "port_extclk1" = "PORT_UNUSED"
    Info (12134): Parameter "port_extclk2" = "PORT_UNUSED"
    Info (12134): Parameter "port_extclk3" = "PORT_UNUSED"
    Info (12134): Parameter "self_reset_on_loss_lock" = "OFF"
    Info (12134): Parameter "width_clock" = "5"
Info (12021): Found 1 design units, including 1 entities, in source file db/altpll_50_100_altpll.v
    Info (12023): Found entity 1: altpll_50_100_altpll File: E:/Main/JuniorII/NonExam/FPGA/DE2Extra/par/de2os/db/altpll_50_100_altpll.v Line: 30
Info (12128): Elaborating entity "altpll_50_100_altpll" for hierarchy "clk_rst_gen:u_clk_rst|altpll_50_100:u_pll|altpll:u_pll|altpll_50_100_altpll:auto_generated" File: e:/software/intelfpga_lite/23.1std/quartus/libraries/megafunctions/altpll.tdf Line: 898
Info (12128): Elaborating entity "altpll_audio" for hierarchy "clk_rst_gen:u_clk_rst|altpll_audio:u_audio_pll" File: E:/Main/JuniorII/NonExam/FPGA/DE2Extra/src/rtl/glue/clk_rst_gen.vhd Line: 51
Info (12128): Elaborating entity "altpll" for hierarchy "clk_rst_gen:u_clk_rst|altpll_audio:u_audio_pll|altpll:u_pll" File: E:/Main/JuniorII/NonExam/FPGA/DE2Extra/src/ip/altpll_audio.vhd Line: 97
Info (12130): Elaborated megafunction instantiation "clk_rst_gen:u_clk_rst|altpll_audio:u_audio_pll|altpll:u_pll" File: E:/Main/JuniorII/NonExam/FPGA/DE2Extra/src/ip/altpll_audio.vhd Line: 97
Info (12133): Instantiated megafunction "clk_rst_gen:u_clk_rst|altpll_audio:u_audio_pll|altpll:u_pll" with the following parameter: File: E:/Main/JuniorII/NonExam/FPGA/DE2Extra/src/ip/altpll_audio.vhd Line: 97
    Info (12134): Parameter "bandwidth_type" = "AUTO"
    Info (12134): Parameter "clk0_divide_by" = "50"
    Info (12134): Parameter "clk0_duty_cycle" = "50"
    Info (12134): Parameter "clk0_multiply_by" = "18"
    Info (12134): Parameter "clk0_phase_shift" = "0"
    Info (12134): Parameter "compensate_clock" = "CLK0"
    Info (12134): Parameter "inclk0_input_frequency" = "20000"
    Info (12134): Parameter "intended_device_family" = "Cyclone IV E"
    Info (12134): Parameter "lpm_hint" = "CBX_MODULE_PREFIX=altpll_audio"
    Info (12134): Parameter "lpm_type" = "altpll"
    Info (12134): Parameter "operation_mode" = "NORMAL"
    Info (12134): Parameter "pll_type" = "AUTO"
    Info (12134): Parameter "port_activeclock" = "PORT_UNUSED"
    Info (12134): Parameter "port_areset" = "PORT_USED"
    Info (12134): Parameter "port_clkbad0" = "PORT_UNUSED"
    Info (12134): Parameter "port_clkbad1" = "PORT_UNUSED"
    Info (12134): Parameter "port_clkloss" = "PORT_UNUSED"
    Info (12134): Parameter "port_clkswitch" = "PORT_UNUSED"
    Info (12134): Parameter "port_configupdate" = "PORT_UNUSED"
    Info (12134): Parameter "port_fbin" = "PORT_UNUSED"
    Info (12134): Parameter "port_inclk0" = "PORT_USED"
    Info (12134): Parameter "port_inclk1" = "PORT_UNUSED"
    Info (12134): Parameter "port_locked" = "PORT_USED"
    Info (12134): Parameter "port_pfdena" = "PORT_UNUSED"
    Info (12134): Parameter "port_phasecounterselect" = "PORT_UNUSED"
    Info (12134): Parameter "port_phasedone" = "PORT_UNUSED"
    Info (12134): Parameter "port_phasestep" = "PORT_UNUSED"
    Info (12134): Parameter "port_phaseupdown" = "PORT_UNUSED"
    Info (12134): Parameter "port_pllena" = "PORT_UNUSED"
    Info (12134): Parameter "port_scanaclr" = "PORT_UNUSED"
    Info (12134): Parameter "port_scanclk" = "PORT_UNUSED"
    Info (12134): Parameter "port_scanclkena" = "PORT_UNUSED"
    Info (12134): Parameter "port_scandata" = "PORT_UNUSED"
    Info (12134): Parameter "port_scandataout" = "PORT_UNUSED"
    Info (12134): Parameter "port_scandone" = "PORT_UNUSED"
    Info (12134): Parameter "port_scanread" = "PORT_UNUSED"
    Info (12134): Parameter "port_scanwrite" = "PORT_UNUSED"
    Info (12134): Parameter "port_clk0" = "PORT_USED"
    Info (12134): Parameter "port_clk1" = "PORT_UNUSED"
    Info (12134): Parameter "port_clk2" = "PORT_UNUSED"
    Info (12134): Parameter "port_clk3" = "PORT_UNUSED"
    Info (12134): Parameter "port_clk4" = "PORT_UNUSED"
    Info (12134): Parameter "port_clk5" = "PORT_UNUSED"
    Info (12134): Parameter "port_clkena0" = "PORT_UNUSED"
    Info (12134): Parameter "port_clkena1" = "PORT_UNUSED"
    Info (12134): Parameter "port_clkena2" = "PORT_UNUSED"
    Info (12134): Parameter "port_clkena3" = "PORT_UNUSED"
    Info (12134): Parameter "port_clkena4" = "PORT_UNUSED"
    Info (12134): Parameter "port_clkena5" = "PORT_UNUSED"
    Info (12134): Parameter "port_extclk0" = "PORT_UNUSED"
    Info (12134): Parameter "port_extclk1" = "PORT_UNUSED"
    Info (12134): Parameter "port_extclk2" = "PORT_UNUSED"
    Info (12134): Parameter "port_extclk3" = "PORT_UNUSED"
    Info (12134): Parameter "self_reset_on_loss_lock" = "OFF"
    Info (12134): Parameter "width_clock" = "5"
Info (12021): Found 1 design units, including 1 entities, in source file db/altpll_audio_altpll.v
    Info (12023): Found entity 1: altpll_audio_altpll File: E:/Main/JuniorII/NonExam/FPGA/DE2Extra/par/de2os/db/altpll_audio_altpll.v Line: 30
Info (12128): Elaborating entity "altpll_audio_altpll" for hierarchy "clk_rst_gen:u_clk_rst|altpll_audio:u_audio_pll|altpll:u_pll|altpll_audio_altpll:auto_generated" File: e:/software/intelfpga_lite/23.1std/quartus/libraries/megafunctions/altpll.tdf Line: 898
Info (12128): Elaborating entity "neorv32_wrapper" for hierarchy "neorv32_wrapper:u_cpu" File: E:/Main/JuniorII/NonExam/FPGA/DE2Extra/src/rtl/de2os_top.vhd Line: 379
Warning (10036): Verilog HDL or VHDL warning at neorv32_wrapper.vhd(60): object "rstn_ocd" assigned a value but never read File: E:/Main/JuniorII/NonExam/FPGA/DE2Extra/src/rtl/neorv32_wrapper.vhd Line: 60
Warning (10036): Verilog HDL or VHDL warning at neorv32_wrapper.vhd(61): object "rstn_wdt" assigned a value but never read File: E:/Main/JuniorII/NonExam/FPGA/DE2Extra/src/rtl/neorv32_wrapper.vhd Line: 61
Info (12128): Elaborating entity "neorv32_top" for hierarchy "neorv32_wrapper:u_cpu|neorv32_top:u_neorv32" File: E:/Main/JuniorII/NonExam/FPGA/DE2Extra/src/rtl/neorv32_wrapper.vhd Line: 92
Warning (10036): Verilog HDL or VHDL warning at neorv32_top.vhd(336): object "cpu_fence" assigned a value but never read File: E:/Main/JuniorII/NonExam/FPGA/DE2Extra/neorv32/rtl/core/neorv32_top.vhd Line: 336
Warning (10036): Verilog HDL or VHDL warning at neorv32_top.vhd(345): object "dma_req" assigned a value but never read File: E:/Main/JuniorII/NonExam/FPGA/DE2Extra/neorv32/rtl/core/neorv32_top.vhd Line: 345
Warning (10036): Verilog HDL or VHDL warning at neorv32_top.vhd(346): object "dma_rsp" assigned a value but never read File: E:/Main/JuniorII/NonExam/FPGA/DE2Extra/neorv32/rtl/core/neorv32_top.vhd Line: 346
Info (10544): VHDL Assertion Statement at neorv32_top.vhd(384): assertion is false - report "[NEORV32] The NEORV32 RISC-V Processor (v01.13.01.00), github.com/stnolting/neorv32" (NOTE) File: E:/Main/JuniorII/NonExam/FPGA/DE2Extra/neorv32/rtl/core/neorv32_top.vhd Line: 384
Info (10544): VHDL Assertion Statement at neorv32_top.vhd(393): assertion is false - report "[NEORV32] Processor Configuration: CPU (single-core) IMEM DMEM BOOTROM XBUS CLINT GPIO UART0 TRNG SYSINFO OCD OCD-HWBP " (NOTE) File: E:/Main/JuniorII/NonExam/FPGA/DE2Extra/neorv32/rtl/core/neorv32_top.vhd Line: 393
Info (10544): VHDL Assertion Statement at neorv32_top.vhd(437): assertion is false - report "[NEORV32] BOOT_MODE_SELECT 0 - booting via bootloader" (NOTE) File: E:/Main/JuniorII/NonExam/FPGA/DE2Extra/neorv32/rtl/core/neorv32_top.vhd Line: 437
Info (12128): Elaborating entity "neorv32_sys_reset" for hierarchy "neorv32_wrapper:u_cpu|neorv32_top:u_neorv32|neorv32_sys_reset:\soc_generators:neorv32_sys_reset_inst" File: E:/Main/JuniorII/NonExam/FPGA/DE2Extra/neorv32/rtl/core/neorv32_top.vhd Line: 474
Info (12128): Elaborating entity "neorv32_sys_clock" for hierarchy "neorv32_wrapper:u_cpu|neorv32_top:u_neorv32|neorv32_sys_clock:\soc_generators:neorv32_sys_clock_inst" File: E:/Main/JuniorII/NonExam/FPGA/DE2Extra/neorv32/rtl/core/neorv32_top.vhd Line: 487
Info (12128): Elaborating entity "neorv32_cpu" for hierarchy "neorv32_wrapper:u_cpu|neorv32_top:u_neorv32|neorv32_cpu:\core_complex_gen:0:neorv32_cpu_inst" File: E:/Main/JuniorII/NonExam/FPGA/DE2Extra/neorv32/rtl/core/neorv32_top.vhd Line: 525
Warning (10036): Verilog HDL or VHDL warning at neorv32_cpu.vhd(122): object "if_pmp_addr" assigned a value but never read File: E:/Main/JuniorII/NonExam/FPGA/DE2Extra/neorv32/rtl/core/neorv32_cpu.vhd Line: 122
Warning (10036): Verilog HDL or VHDL warning at neorv32_cpu.vhd(123): object "if_pmp_priv" assigned a value but never read File: E:/Main/JuniorII/NonExam/FPGA/DE2Extra/neorv32/rtl/core/neorv32_cpu.vhd Line: 123
Info (10544): VHDL Assertion Statement at neorv32_cpu.vhd(152): assertion is false - report "[NEORV32] CPU ISA: rv32icmx_zbkb_zbkc_zbkx_zca_zicntr_zicsr_zifencei_zkn_zknd_zkne_zknh_zks_zksed_zksh_zkt_sdext_sdtrig" (NOTE) File: E:/Main/JuniorII/NonExam/FPGA/DE2Extra/neorv32/rtl/core/neorv32_cpu.vhd Line: 152
Info (10544): VHDL Assertion Statement at neorv32_cpu.vhd(196): assertion is false - report "[NEORV32] CPU tuning options: fast_mul fast_shift rf_arch=sram_sync " (NOTE) File: E:/Main/JuniorII/NonExam/FPGA/DE2Extra/neorv32/rtl/core/neorv32_cpu.vhd Line: 196
Info (12128): Elaborating entity "neorv32_cpu_frontend" for hierarchy "neorv32_wrapper:u_cpu|neorv32_top:u_neorv32|neorv32_cpu:\core_complex_gen:0:neorv32_cpu_inst|neorv32_cpu_frontend:neorv32_cpu_frontend_inst" File: E:/Main/JuniorII/NonExam/FPGA/DE2Extra/neorv32/rtl/core/neorv32_cpu.vhd Line: 216
Info (12128): Elaborating entity "neorv32_cpu_frontend_ipb" for hierarchy "neorv32_wrapper:u_cpu|neorv32_top:u_neorv32|neorv32_cpu:\core_complex_gen:0:neorv32_cpu_inst|neorv32_cpu_frontend:neorv32_cpu_frontend_inst|neorv32_cpu_frontend_ipb:\prefetch_buffer:0:ipb_inst" File: E:/Main/JuniorII/NonExam/FPGA/DE2Extra/neorv32/rtl/core/neorv32_cpu_frontend.vhd Line: 183
Info (12128): Elaborating entity "neorv32_cpu_decompressor" for hierarchy "neorv32_wrapper:u_cpu|neorv32_top:u_neorv32|neorv32_cpu:\core_complex_gen:0:neorv32_cpu_inst|neorv32_cpu_frontend:neorv32_cpu_frontend_inst|neorv32_cpu_decompressor:\issue_enabled:neorv32_cpu_decompressor_inst" File: E:/Main/JuniorII/NonExam/FPGA/DE2Extra/neorv32/rtl/core/neorv32_cpu_frontend.vhd Line: 213
Info (12128): Elaborating entity "neorv32_cpu_control" for hierarchy "neorv32_wrapper:u_cpu|neorv32_top:u_neorv32|neorv32_cpu:\core_complex_gen:0:neorv32_cpu_inst|neorv32_cpu_control:neorv32_cpu_control_inst" File: E:/Main/JuniorII/NonExam/FPGA/DE2Extra/neorv32/rtl/core/neorv32_cpu.vhd Line: 241
Info (12128): Elaborating entity "neorv32_cpu_hwtrig" for hierarchy "neorv32_wrapper:u_cpu|neorv32_top:u_neorv32|neorv32_cpu:\core_complex_gen:0:neorv32_cpu_inst|neorv32_cpu_hwtrig:\trigger_module_enabled:neorv32_cpu_hwtrig_inst" File: E:/Main/JuniorII/NonExam/FPGA/DE2Extra/neorv32/rtl/core/neorv32_cpu.vhd Line: 331
Info (12128): Elaborating entity "neorv32_cpu_counters" for hierarchy "neorv32_wrapper:u_cpu|neorv32_top:u_neorv32|neorv32_cpu:\core_complex_gen:0:neorv32_cpu_inst|neorv32_cpu_counters:\cnts_enabled:neorv32_cpu_counters_inst" File: E:/Main/JuniorII/NonExam/FPGA/DE2Extra/neorv32/rtl/core/neorv32_cpu.vhd Line: 360
Warning (10036): Verilog HDL or VHDL warning at neorv32_cpu_counters.vhd(49): object "pmf_acc" assigned a value but never read File: E:/Main/JuniorII/NonExam/FPGA/DE2Extra/neorv32/rtl/core/neorv32_cpu_counters.vhd Line: 49
Warning (10036): Verilog HDL or VHDL warning at neorv32_cpu_counters.vhd(50): object "cfg_we" assigned a value but never read File: E:/Main/JuniorII/NonExam/FPGA/DE2Extra/neorv32/rtl/core/neorv32_cpu_counters.vhd Line: 50
Warning (10036): Verilog HDL or VHDL warning at neorv32_cpu_counters.vhd(50): object "cfg_re" assigned a value but never read File: E:/Main/JuniorII/NonExam/FPGA/DE2Extra/neorv32/rtl/core/neorv32_cpu_counters.vhd Line: 50
Warning (10036): Verilog HDL or VHDL warning at neorv32_cpu_counters.vhd(54): object "pmf_cy" assigned a value but never read File: E:/Main/JuniorII/NonExam/FPGA/DE2Extra/neorv32/rtl/core/neorv32_cpu_counters.vhd Line: 54
Warning (10036): Verilog HDL or VHDL warning at neorv32_cpu_counters.vhd(54): object "pmf_ir" assigned a value but never read File: E:/Main/JuniorII/NonExam/FPGA/DE2Extra/neorv32/rtl/core/neorv32_cpu_counters.vhd Line: 54
Warning (10036): Verilog HDL or VHDL warning at neorv32_cpu_counters.vhd(59): object "hpmevent_rd" assigned a value but never read File: E:/Main/JuniorII/NonExam/FPGA/DE2Extra/neorv32/rtl/core/neorv32_cpu_counters.vhd Line: 59
Warning (10036): Verilog HDL or VHDL warning at neorv32_cpu_counters.vhd(60): object "hpmcnt_rd" assigned a value but never read File: E:/Main/JuniorII/NonExam/FPGA/DE2Extra/neorv32/rtl/core/neorv32_cpu_counters.vhd Line: 60
Info (12128): Elaborating entity "neorv32_prim_cnt" for hierarchy "neorv32_wrapper:u_cpu|neorv32_top:u_neorv32|neorv32_cpu:\core_complex_gen:0:neorv32_cpu_inst|neorv32_cpu_counters:\cnts_enabled:neorv32_cpu_counters_inst|neorv32_prim_cnt:\base_enabled:cycle_inst" File: E:/Main/JuniorII/NonExam/FPGA/DE2Extra/neorv32/rtl/core/neorv32_cpu_counters.vhd Line: 199
Info (12128): Elaborating entity "neorv32_cpu_regfile" for hierarchy "neorv32_wrapper:u_cpu|neorv32_top:u_neorv32|neorv32_cpu:\core_complex_gen:0:neorv32_cpu_inst|neorv32_cpu_regfile:neorv32_cpu_regfile_inst" File: E:/Main/JuniorII/NonExam/FPGA/DE2Extra/neorv32/rtl/core/neorv32_cpu.vhd Line: 389
Warning (10036): Verilog HDL or VHDL warning at neorv32_cpu_regfile.vhd(51): object "wdata" assigned a value but never read File: E:/Main/JuniorII/NonExam/FPGA/DE2Extra/neorv32/rtl/core/neorv32_cpu_regfile.vhd Line: 51
Warning (10036): Verilog HDL or VHDL warning at neorv32_cpu_regfile.vhd(52): object "onehot" assigned a value but never read File: E:/Main/JuniorII/NonExam/FPGA/DE2Extra/neorv32/rtl/core/neorv32_cpu_regfile.vhd Line: 52
Info (12128): Elaborating entity "neorv32_cpu_alu" for hierarchy "neorv32_wrapper:u_cpu|neorv32_top:u_neorv32|neorv32_cpu:\core_complex_gen:0:neorv32_cpu_inst|neorv32_cpu_alu:neorv32_cpu_alu_inst" File: E:/Main/JuniorII/NonExam/FPGA/DE2Extra/neorv32/rtl/core/neorv32_cpu.vhd Line: 412
Warning (10036): Verilog HDL or VHDL warning at neorv32_cpu_alu.vhd(84): object "cfu_inst" assigned a value but never read File: E:/Main/JuniorII/NonExam/FPGA/DE2Extra/neorv32/rtl/core/neorv32_cpu_alu.vhd Line: 84
Warning (10036): Verilog HDL or VHDL warning at neorv32_cpu_alu.vhd(85): object "fpu_csr_en" assigned a value but never read File: E:/Main/JuniorII/NonExam/FPGA/DE2Extra/neorv32/rtl/core/neorv32_cpu_alu.vhd Line: 85
Warning (10036): Verilog HDL or VHDL warning at neorv32_cpu_alu.vhd(85): object "fpu_csr_we" assigned a value but never read File: E:/Main/JuniorII/NonExam/FPGA/DE2Extra/neorv32/rtl/core/neorv32_cpu_alu.vhd Line: 85
Warning (10036): Verilog HDL or VHDL warning at neorv32_cpu_alu.vhd(85): object "cfu_done" assigned a value but never read File: E:/Main/JuniorII/NonExam/FPGA/DE2Extra/neorv32/rtl/core/neorv32_cpu_alu.vhd Line: 85
Warning (10036): Verilog HDL or VHDL warning at neorv32_cpu_alu.vhd(85): object "cfu_busy" assigned a value but never read File: E:/Main/JuniorII/NonExam/FPGA/DE2Extra/neorv32/rtl/core/neorv32_cpu_alu.vhd Line: 85
Warning (10036): Verilog HDL or VHDL warning at neorv32_cpu_alu.vhd(86): object "fpu_csr_rd" assigned a value but never read File: E:/Main/JuniorII/NonExam/FPGA/DE2Extra/neorv32/rtl/core/neorv32_cpu_alu.vhd Line: 86
Warning (10036): Verilog HDL or VHDL warning at neorv32_cpu_alu.vhd(86): object "cfu_res" assigned a value but never read File: E:/Main/JuniorII/NonExam/FPGA/DE2Extra/neorv32/rtl/core/neorv32_cpu_alu.vhd Line: 86
Info (12128): Elaborating entity "neorv32_cpu_alu_shifter" for hierarchy "neorv32_wrapper:u_cpu|neorv32_top:u_neorv32|neorv32_cpu:\core_complex_gen:0:neorv32_cpu_inst|neorv32_cpu_alu:neorv32_cpu_alu_inst|neorv32_cpu_alu_shifter:neorv32_cpu_alu_shifter_inst" File: E:/Main/JuniorII/NonExam/FPGA/DE2Extra/neorv32/rtl/core/neorv32_cpu_alu.vhd Line: 147
Warning (10036): Verilog HDL or VHDL warning at neorv32_cpu_alu_shifter.vhd(52): object "serial" assigned a value but never read File: E:/Main/JuniorII/NonExam/FPGA/DE2Extra/neorv32/rtl/core/neorv32_cpu_alu_shifter.vhd Line: 52
Info (12128): Elaborating entity "neorv32_cpu_alu_muldiv" for hierarchy "neorv32_wrapper:u_cpu|neorv32_top:u_neorv32|neorv32_cpu:\core_complex_gen:0:neorv32_cpu_inst|neorv32_cpu_alu:neorv32_cpu_alu_inst|neorv32_cpu_alu_muldiv:\neorv32_cpu_alu_muldiv_enabled:neorv32_cpu_alu_muldiv_inst" File: E:/Main/JuniorII/NonExam/FPGA/DE2Extra/neorv32/rtl/core/neorv32_cpu_alu.vhd Line: 168
Info (12128): Elaborating entity "neorv32_prim_mul" for hierarchy "neorv32_wrapper:u_cpu|neorv32_top:u_neorv32|neorv32_cpu:\core_complex_gen:0:neorv32_cpu_inst|neorv32_cpu_alu:neorv32_cpu_alu_inst|neorv32_cpu_alu_muldiv:\neorv32_cpu_alu_muldiv_enabled:neorv32_cpu_alu_muldiv_inst|neorv32_prim_mul:\multiplier_core_parallel:multiplier_inst" File: E:/Main/JuniorII/NonExam/FPGA/DE2Extra/neorv32/rtl/core/neorv32_cpu_alu_muldiv.vhd Line: 170
Info (12128): Elaborating entity "neorv32_cpu_alu_bitmanip" for hierarchy "neorv32_wrapper:u_cpu|neorv32_top:u_neorv32|neorv32_cpu:\core_complex_gen:0:neorv32_cpu_inst|neorv32_cpu_alu:neorv32_cpu_alu_inst|neorv32_cpu_alu_bitmanip:\neorv32_cpu_alu_bitmanip_enabled:neorv32_cpu_alu_bitmanip_inst" File: E:/Main/JuniorII/NonExam/FPGA/DE2Extra/neorv32/rtl/core/neorv32_cpu_alu.vhd Line: 197
Info (12128): Elaborating entity "neorv32_cpu_alu_crypto" for hierarchy "neorv32_wrapper:u_cpu|neorv32_top:u_neorv32|neorv32_cpu:\core_complex_gen:0:neorv32_cpu_inst|neorv32_cpu_alu:neorv32_cpu_alu_inst|neorv32_cpu_alu_crypto:\neorv32_cpu_alu_crypto_enabled:neorv32_cpu_alu_crypto_inst" File: E:/Main/JuniorII/NonExam/FPGA/DE2Extra/neorv32/rtl/core/neorv32_cpu_alu.vhd Line: 355
Warning (10036): Verilog HDL or VHDL warning at neorv32_cpu_alu_crypto.vhd(192): object "funct3" assigned a value but never read File: E:/Main/JuniorII/NonExam/FPGA/DE2Extra/neorv32/rtl/core/neorv32_cpu_alu_crypto.vhd Line: 192
Info (12128): Elaborating entity "neorv32_cpu_lsu" for hierarchy "neorv32_wrapper:u_cpu|neorv32_top:u_neorv32|neorv32_cpu:\core_complex_gen:0:neorv32_cpu_inst|neorv32_cpu_lsu:neorv32_cpu_lsu_inst" File: E:/Main/JuniorII/NonExam/FPGA/DE2Extra/neorv32/rtl/core/neorv32_cpu.vhd Line: 457
Info (12128): Elaborating entity "neorv32_bus_switch" for hierarchy "neorv32_wrapper:u_cpu|neorv32_top:u_neorv32|neorv32_bus_switch:\core_complex_gen:0:neorv32_core_bus_switch_inst" File: E:/Main/JuniorII/NonExam/FPGA/DE2Extra/neorv32/rtl/core/neorv32_top.vhd Line: 665
Info (12128): Elaborating entity "neorv32_bus_gateway" for hierarchy "neorv32_wrapper:u_cpu|neorv32_top:u_neorv32|neorv32_bus_gateway:neorv32_bus_gateway_inst" File: E:/Main/JuniorII/NonExam/FPGA/DE2Extra/neorv32/rtl/core/neorv32_top.vhd Line: 825
Info (12128): Elaborating entity "neorv32_imem" for hierarchy "neorv32_wrapper:u_cpu|neorv32_top:u_neorv32|neorv32_imem:\memory_system:neorv32_imem_enabled:neorv32_imem_inst" File: E:/Main/JuniorII/NonExam/FPGA/DE2Extra/neorv32/rtl/core/neorv32_top.vhd Line: 874
Info (12128): Elaborating entity "neorv32_imem_ram" for hierarchy "neorv32_wrapper:u_cpu|neorv32_top:u_neorv32|neorv32_imem:\memory_system:neorv32_imem_enabled:neorv32_imem_inst|neorv32_imem_ram:\imem_ram:imem_ram_inst" File: E:/Main/JuniorII/NonExam/FPGA/DE2Extra/neorv32/rtl/core/neorv32_imem.vhd Line: 100
Info (10544): VHDL Assertion Statement at neorv32_imem_ram.vhd(40): assertion is false - report "[NEORV32] Using default IMEM RAM component." (NOTE) File: E:/Main/JuniorII/NonExam/FPGA/DE2Extra/neorv32/rtl/core/neorv32_imem_ram.vhd Line: 40
Info (12128): Elaborating entity "neorv32_prim_spram" for hierarchy "neorv32_wrapper:u_cpu|neorv32_top:u_neorv32|neorv32_imem:\memory_system:neorv32_imem_enabled:neorv32_imem_inst|neorv32_imem_ram:\imem_ram:imem_ram_inst|neorv32_prim_spram:\ram_gen:0:ram_inst" File: E:/Main/JuniorII/NonExam/FPGA/DE2Extra/neorv32/rtl/core/neorv32_imem_ram.vhd Line: 45
Info (12128): Elaborating entity "neorv32_dmem" for hierarchy "neorv32_wrapper:u_cpu|neorv32_top:u_neorv32|neorv32_dmem:\memory_system:neorv32_dmem_enabled:neorv32_dmem_inst" File: E:/Main/JuniorII/NonExam/FPGA/DE2Extra/neorv32/rtl/core/neorv32_top.vhd Line: 897
Info (12128): Elaborating entity "neorv32_dmem_ram" for hierarchy "neorv32_wrapper:u_cpu|neorv32_top:u_neorv32|neorv32_dmem:\memory_system:neorv32_dmem_enabled:neorv32_dmem_inst|neorv32_dmem_ram:dmem_ram_inst" File: E:/Main/JuniorII/NonExam/FPGA/DE2Extra/neorv32/rtl/core/neorv32_dmem.vhd Line: 64
Info (10544): VHDL Assertion Statement at neorv32_dmem_ram.vhd(40): assertion is false - report "[NEORV32] Using default DMEM RAM component (16384 bytes)." (NOTE) File: E:/Main/JuniorII/NonExam/FPGA/DE2Extra/neorv32/rtl/core/neorv32_dmem_ram.vhd Line: 40
Info (12128): Elaborating entity "neorv32_xbus" for hierarchy "neorv32_wrapper:u_cpu|neorv32_top:u_neorv32|neorv32_xbus:\memory_system:neorv32_xbus_enabled:neorv32_xbus_inst" File: E:/Main/JuniorII/NonExam/FPGA/DE2Extra/neorv32/rtl/core/neorv32_top.vhd Line: 919
Info (12128): Elaborating entity "neorv32_bus_reg" for hierarchy "neorv32_wrapper:u_cpu|neorv32_top:u_neorv32|neorv32_xbus:\memory_system:neorv32_xbus_enabled:neorv32_xbus_inst|neorv32_bus_reg:reg_stage_inst" File: E:/Main/JuniorII/NonExam/FPGA/DE2Extra/neorv32/rtl/core/neorv32_xbus.vhd Line: 54
Info (12128): Elaborating entity "neorv32_bus_io_switch" for hierarchy "neorv32_wrapper:u_cpu|neorv32_top:u_neorv32|neorv32_bus_io_switch:\io_system:neorv32_bus_io_switch_inst" File: E:/Main/JuniorII/NonExam/FPGA/DE2Extra/neorv32/rtl/core/neorv32_top.vhd Line: 967
Info (12128): Elaborating entity "neorv32_bootrom" for hierarchy "neorv32_wrapper:u_cpu|neorv32_top:u_neorv32|neorv32_bootrom:\io_system:neorv32_bootrom_enabled:neorv32_boot_rom_inst" File: E:/Main/JuniorII/NonExam/FPGA/DE2Extra/neorv32/rtl/core/neorv32_top.vhd Line: 1046
Info (12128): Elaborating entity "neorv32_bootrom_rom" for hierarchy "neorv32_wrapper:u_cpu|neorv32_top:u_neorv32|neorv32_bootrom:\io_system:neorv32_bootrom_enabled:neorv32_boot_rom_inst|neorv32_bootrom_rom:bootrom_rom_inst" File: E:/Main/JuniorII/NonExam/FPGA/DE2Extra/neorv32/rtl/core/neorv32_bootrom.vhd Line: 54
Warning (10651): VHDL Assertion Statement at neorv32_bootrom_rom.vhd(40): assertion is false - report "[NEORV32] Using default BOOTROM ROM component (8192 bytes)." (WARNING) File: E:/Main/JuniorII/NonExam/FPGA/DE2Extra/neorv32/rtl/core/neorv32_bootrom_rom.vhd Line: 40
Info (12128): Elaborating entity "neorv32_gpio" for hierarchy "neorv32_wrapper:u_cpu|neorv32_top:u_neorv32|neorv32_gpio:\io_system:neorv32_gpio_enabled:neorv32_gpio_inst" File: E:/Main/JuniorII/NonExam/FPGA/DE2Extra/neorv32/rtl/core/neorv32_top.vhd Line: 1115
Info (12128): Elaborating entity "neorv32_clint" for hierarchy "neorv32_wrapper:u_cpu|neorv32_top:u_neorv32|neorv32_clint:\io_system:neorv32_clint_enabled:neorv32_clint_inst" File: E:/Main/JuniorII/NonExam/FPGA/DE2Extra/neorv32/rtl/core/neorv32_top.vhd Line: 1167
Info (12128): Elaborating entity "neorv32_clint_mtimecmp" for hierarchy "neorv32_wrapper:u_cpu|neorv32_top:u_neorv32|neorv32_clint:\io_system:neorv32_clint_enabled:neorv32_clint_inst|neorv32_clint_mtimecmp:\neorv32_clint_mtimecmp_gen:0:neorv32_clint_mtimecmp_inst" File: E:/Main/JuniorII/NonExam/FPGA/DE2Extra/neorv32/rtl/core/neorv32_clint.vhd Line: 114
Info (12128): Elaborating entity "neorv32_uart" for hierarchy "neorv32_wrapper:u_cpu|neorv32_top:u_neorv32|neorv32_uart:\io_system:neorv32_uart0_enabled:neorv32_uart0_inst" File: E:/Main/JuniorII/NonExam/FPGA/DE2Extra/neorv32/rtl/core/neorv32_top.vhd Line: 1206
Info (12128): Elaborating entity "neorv32_prim_fifo" for hierarchy "neorv32_wrapper:u_cpu|neorv32_top:u_neorv32|neorv32_uart:\io_system:neorv32_uart0_enabled:neorv32_uart0_inst|neorv32_prim_fifo:tx_fifo_inst" File: E:/Main/JuniorII/NonExam/FPGA/DE2Extra/neorv32/rtl/core/neorv32_uart.vhd Line: 183
Info (12128): Elaborating entity "neorv32_trng" for hierarchy "neorv32_wrapper:u_cpu|neorv32_top:u_neorv32|neorv32_trng:\io_system:neorv32_trng_enabled:neorv32_trng_inst" File: E:/Main/JuniorII/NonExam/FPGA/DE2Extra/neorv32/rtl/core/neorv32_top.vhd Line: 1382
Info (12128): Elaborating entity "neoTRNG" for hierarchy "neorv32_wrapper:u_cpu|neorv32_top:u_neorv32|neorv32_trng:\io_system:neorv32_trng_enabled:neorv32_trng_inst|neoTRNG:neoTRNG_inst" File: E:/Main/JuniorII/NonExam/FPGA/DE2Extra/neorv32/rtl/core/neorv32_trng.vhd Line: 129
Info (10544): VHDL Assertion Statement at neorv32_trng.vhd(303): assertion is false - report "[neoTRNG] The neoTRNG (v3.4) - A Tiny and Platform-Independent True Random Number Generator, github.com/stnolting/neoTRNG" (NOTE) File: E:/Main/JuniorII/NonExam/FPGA/DE2Extra/neorv32/rtl/core/neorv32_trng.vhd Line: 303
Info (12128): Elaborating entity "neoTRNG_cell" for hierarchy "neorv32_wrapper:u_cpu|neorv32_top:u_neorv32|neorv32_trng:\io_system:neorv32_trng_enabled:neorv32_trng_inst|neoTRNG:neoTRNG_inst|neoTRNG_cell:\entropy_cell_gen:0:neoTRNG_cell_inst" File: E:/Main/JuniorII/NonExam/FPGA/DE2Extra/neorv32/rtl/core/neorv32_trng.vhd Line: 321
Info (10041): Inferred latch for "latch[4]" at neorv32_trng.vhd(465) File: E:/Main/JuniorII/NonExam/FPGA/DE2Extra/neorv32/rtl/core/neorv32_trng.vhd Line: 465
Info (10041): Inferred latch for "latch[3]" at neorv32_trng.vhd(465) File: E:/Main/JuniorII/NonExam/FPGA/DE2Extra/neorv32/rtl/core/neorv32_trng.vhd Line: 465
Info (10041): Inferred latch for "latch[2]" at neorv32_trng.vhd(465) File: E:/Main/JuniorII/NonExam/FPGA/DE2Extra/neorv32/rtl/core/neorv32_trng.vhd Line: 465
Info (10041): Inferred latch for "latch[1]" at neorv32_trng.vhd(465) File: E:/Main/JuniorII/NonExam/FPGA/DE2Extra/neorv32/rtl/core/neorv32_trng.vhd Line: 465
Info (10041): Inferred latch for "latch[0]" at neorv32_trng.vhd(465) File: E:/Main/JuniorII/NonExam/FPGA/DE2Extra/neorv32/rtl/core/neorv32_trng.vhd Line: 465
Info (12128): Elaborating entity "neoTRNG_cell" for hierarchy "neorv32_wrapper:u_cpu|neorv32_top:u_neorv32|neorv32_trng:\io_system:neorv32_trng_enabled:neorv32_trng_inst|neoTRNG:neoTRNG_inst|neoTRNG_cell:\entropy_cell_gen:1:neoTRNG_cell_inst" File: E:/Main/JuniorII/NonExam/FPGA/DE2Extra/neorv32/rtl/core/neorv32_trng.vhd Line: 321
Info (10041): Inferred latch for "latch[6]" at neorv32_trng.vhd(465) File: E:/Main/JuniorII/NonExam/FPGA/DE2Extra/neorv32/rtl/core/neorv32_trng.vhd Line: 465
Info (10041): Inferred latch for "latch[5]" at neorv32_trng.vhd(465) File: E:/Main/JuniorII/NonExam/FPGA/DE2Extra/neorv32/rtl/core/neorv32_trng.vhd Line: 465
Info (10041): Inferred latch for "latch[4]" at neorv32_trng.vhd(465) File: E:/Main/JuniorII/NonExam/FPGA/DE2Extra/neorv32/rtl/core/neorv32_trng.vhd Line: 465
Info (10041): Inferred latch for "latch[3]" at neorv32_trng.vhd(465) File: E:/Main/JuniorII/NonExam/FPGA/DE2Extra/neorv32/rtl/core/neorv32_trng.vhd Line: 465
Info (10041): Inferred latch for "latch[2]" at neorv32_trng.vhd(465) File: E:/Main/JuniorII/NonExam/FPGA/DE2Extra/neorv32/rtl/core/neorv32_trng.vhd Line: 465
Info (10041): Inferred latch for "latch[1]" at neorv32_trng.vhd(465) File: E:/Main/JuniorII/NonExam/FPGA/DE2Extra/neorv32/rtl/core/neorv32_trng.vhd Line: 465
Info (10041): Inferred latch for "latch[0]" at neorv32_trng.vhd(465) File: E:/Main/JuniorII/NonExam/FPGA/DE2Extra/neorv32/rtl/core/neorv32_trng.vhd Line: 465
Info (12128): Elaborating entity "neoTRNG_cell" for hierarchy "neorv32_wrapper:u_cpu|neorv32_top:u_neorv32|neorv32_trng:\io_system:neorv32_trng_enabled:neorv32_trng_inst|neoTRNG:neoTRNG_inst|neoTRNG_cell:\entropy_cell_gen:2:neoTRNG_cell_inst" File: E:/Main/JuniorII/NonExam/FPGA/DE2Extra/neorv32/rtl/core/neorv32_trng.vhd Line: 321
Info (10041): Inferred latch for "latch[8]" at neorv32_trng.vhd(465) File: E:/Main/JuniorII/NonExam/FPGA/DE2Extra/neorv32/rtl/core/neorv32_trng.vhd Line: 465
Info (10041): Inferred latch for "latch[7]" at neorv32_trng.vhd(465) File: E:/Main/JuniorII/NonExam/FPGA/DE2Extra/neorv32/rtl/core/neorv32_trng.vhd Line: 465
Info (10041): Inferred latch for "latch[6]" at neorv32_trng.vhd(465) File: E:/Main/JuniorII/NonExam/FPGA/DE2Extra/neorv32/rtl/core/neorv32_trng.vhd Line: 465
Info (10041): Inferred latch for "latch[5]" at neorv32_trng.vhd(465) File: E:/Main/JuniorII/NonExam/FPGA/DE2Extra/neorv32/rtl/core/neorv32_trng.vhd Line: 465
Info (10041): Inferred latch for "latch[4]" at neorv32_trng.vhd(465) File: E:/Main/JuniorII/NonExam/FPGA/DE2Extra/neorv32/rtl/core/neorv32_trng.vhd Line: 465
Info (10041): Inferred latch for "latch[3]" at neorv32_trng.vhd(465) File: E:/Main/JuniorII/NonExam/FPGA/DE2Extra/neorv32/rtl/core/neorv32_trng.vhd Line: 465
Info (10041): Inferred latch for "latch[2]" at neorv32_trng.vhd(465) File: E:/Main/JuniorII/NonExam/FPGA/DE2Extra/neorv32/rtl/core/neorv32_trng.vhd Line: 465
Info (10041): Inferred latch for "latch[1]" at neorv32_trng.vhd(465) File: E:/Main/JuniorII/NonExam/FPGA/DE2Extra/neorv32/rtl/core/neorv32_trng.vhd Line: 465
Info (10041): Inferred latch for "latch[0]" at neorv32_trng.vhd(465) File: E:/Main/JuniorII/NonExam/FPGA/DE2Extra/neorv32/rtl/core/neorv32_trng.vhd Line: 465
Info (12128): Elaborating entity "neorv32_prim_fifo" for hierarchy "neorv32_wrapper:u_cpu|neorv32_top:u_neorv32|neorv32_trng:\io_system:neorv32_trng_enabled:neorv32_trng_inst|neorv32_prim_fifo:rnd_fifo_inst" File: E:/Main/JuniorII/NonExam/FPGA/DE2Extra/neorv32/rtl/core/neorv32_trng.vhd Line: 147
Info (12128): Elaborating entity "neorv32_sysinfo" for hierarchy "neorv32_wrapper:u_cpu|neorv32_top:u_neorv32|neorv32_sysinfo:\io_system:neorv32_sysinfo_inst" File: E:/Main/JuniorII/NonExam/FPGA/DE2Extra/neorv32/rtl/core/neorv32_top.vhd Line: 1551
Info (12128): Elaborating entity "neorv32_debug_dtm" for hierarchy "neorv32_wrapper:u_cpu|neorv32_top:u_neorv32|neorv32_debug_dtm:\neorv32_ocd_enabled:neorv32_debug_dtm_inst" File: E:/Main/JuniorII/NonExam/FPGA/DE2Extra/neorv32/rtl/core/neorv32_top.vhd Line: 1610
Info (12128): Elaborating entity "neorv32_debug_dm" for hierarchy "neorv32_wrapper:u_cpu|neorv32_top:u_neorv32|neorv32_debug_dm:\neorv32_ocd_enabled:neorv32_debug_dm_inst" File: E:/Main/JuniorII/NonExam/FPGA/DE2Extra/neorv32/rtl/core/neorv32_top.vhd Line: 1629
Info (12128): Elaborating entity "wb_intercon" for hierarchy "wb_intercon:u_intercon" File: E:/Main/JuniorII/NonExam/FPGA/DE2Extra/src/rtl/de2os_top.vhd Line: 419
Info (12128): Elaborating entity "sdram_ctrl" for hierarchy "sdram_ctrl:u_sdram" File: E:/Main/JuniorII/NonExam/FPGA/DE2Extra/src/rtl/de2os_top.vhd Line: 511
Warning (10036): Verilog HDL or VHDL warning at sdram_ctrl.vhd(116): object "rd_data_r" assigned a value but never read File: E:/Main/JuniorII/NonExam/FPGA/DE2Extra/src/rtl/periph/sdram_ctrl.vhd Line: 116
Warning (10036): Verilog HDL or VHDL warning at sdram_ctrl.vhd(120): object "addr_r" assigned a value but never read File: E:/Main/JuniorII/NonExam/FPGA/DE2Extra/src/rtl/periph/sdram_ctrl.vhd Line: 120
Warning (10036): Verilog HDL or VHDL warning at sdram_ctrl.vhd(155): object "burst_req_cpu" assigned a value but never read File: E:/Main/JuniorII/NonExam/FPGA/DE2Extra/src/rtl/periph/sdram_ctrl.vhd Line: 155
Warning (10036): Verilog HDL or VHDL warning at sdram_ctrl.vhd(170): object "fifo_wr_full" assigned a value but never read File: E:/Main/JuniorII/NonExam/FPGA/DE2Extra/src/rtl/periph/sdram_ctrl.vhd Line: 170
Warning (10036): Verilog HDL or VHDL warning at sdram_ctrl.vhd(192): object "vga_fifo_wr_full" assigned a value but never read File: E:/Main/JuniorII/NonExam/FPGA/DE2Extra/src/rtl/periph/sdram_ctrl.vhd Line: 192
Info (12128): Elaborating entity "async_fifo" for hierarchy "sdram_ctrl:u_sdram|async_fifo:u_fifo" File: E:/Main/JuniorII/NonExam/FPGA/DE2Extra/src/rtl/periph/sdram_ctrl.vhd Line: 210
Warning (10036): Verilog HDL or VHDL warning at async_fifo.vhd(35): object "eccstatus_s" assigned a value but never read File: E:/Main/JuniorII/NonExam/FPGA/DE2Extra/src/rtl/periph/async_fifo.vhd Line: 35
Warning (10036): Verilog HDL or VHDL warning at async_fifo.vhd(36): object "rdusedw_s" assigned a value but never read File: E:/Main/JuniorII/NonExam/FPGA/DE2Extra/src/rtl/periph/async_fifo.vhd Line: 36
Warning (10036): Verilog HDL or VHDL warning at async_fifo.vhd(37): object "wrusedw_s" assigned a value but never read File: E:/Main/JuniorII/NonExam/FPGA/DE2Extra/src/rtl/periph/async_fifo.vhd Line: 37
Warning (10036): Verilog HDL or VHDL warning at async_fifo.vhd(38): object "rdfull_s" assigned a value but never read File: E:/Main/JuniorII/NonExam/FPGA/DE2Extra/src/rtl/periph/async_fifo.vhd Line: 38
Warning (10036): Verilog HDL or VHDL warning at async_fifo.vhd(39): object "wrempty_s" assigned a value but never read File: E:/Main/JuniorII/NonExam/FPGA/DE2Extra/src/rtl/periph/async_fifo.vhd Line: 39
Info (12128): Elaborating entity "dcfifo" for hierarchy "sdram_ctrl:u_sdram|async_fifo:u_fifo|dcfifo:u_dcfifo" File: E:/Main/JuniorII/NonExam/FPGA/DE2Extra/src/rtl/periph/async_fifo.vhd Line: 42
Info (12130): Elaborated megafunction instantiation "sdram_ctrl:u_sdram|async_fifo:u_fifo|dcfifo:u_dcfifo" File: E:/Main/JuniorII/NonExam/FPGA/DE2Extra/src/rtl/periph/async_fifo.vhd Line: 42
Info (12133): Instantiated megafunction "sdram_ctrl:u_sdram|async_fifo:u_fifo|dcfifo:u_dcfifo" with the following parameter: File: E:/Main/JuniorII/NonExam/FPGA/DE2Extra/src/rtl/periph/async_fifo.vhd Line: 42
    Info (12134): Parameter "add_ram_output_register" = "OFF"
    Info (12134): Parameter "add_usedw_msb_bit" = "ON"
    Info (12134): Parameter "clocks_are_synchronized" = "FALSE"
    Info (12134): Parameter "delay_rdusedw" = "1"
    Info (12134): Parameter "delay_wrusedw" = "1"
    Info (12134): Parameter "intended_device_family" = "Cyclone IV E"
    Info (12134): Parameter "enable_ecc" = "FALSE"
    Info (12134): Parameter "lpm_numwords" = "8"
    Info (12134): Parameter "lpm_showahead" = "ON"
    Info (12134): Parameter "lpm_width" = "32"
    Info (12134): Parameter "lpm_widthu" = "4"
    Info (12134): Parameter "overflow_checking" = "ON"
    Info (12134): Parameter "rdsync_delaypipe" = "4"
    Info (12134): Parameter "read_aclr_synch" = "OFF"
    Info (12134): Parameter "underflow_checking" = "ON"
    Info (12134): Parameter "use_eab" = "ON"
    Info (12134): Parameter "write_aclr_synch" = "OFF"
    Info (12134): Parameter "wrsync_delaypipe" = "4"
    Info (12134): Parameter "lpm_hint" = "UNUSED"
    Info (12134): Parameter "lpm_type" = "dcfifo"
Info (12021): Found 1 design units, including 1 entities, in source file db/dcfifo_mn02.tdf
    Info (12023): Found entity 1: dcfifo_mn02 File: E:/Main/JuniorII/NonExam/FPGA/DE2Extra/par/de2os/db/dcfifo_mn02.tdf Line: 37
Info (12128): Elaborating entity "dcfifo_mn02" for hierarchy "sdram_ctrl:u_sdram|async_fifo:u_fifo|dcfifo:u_dcfifo|dcfifo_mn02:auto_generated" File: e:/software/intelfpga_lite/23.1std/quartus/libraries/megafunctions/dcfifo.tdf Line: 191
Info (12021): Found 1 design units, including 1 entities, in source file db/a_graycounter_o57.tdf
    Info (12023): Found entity 1: a_graycounter_o57 File: E:/Main/JuniorII/NonExam/FPGA/DE2Extra/par/de2os/db/a_graycounter_o57.tdf Line: 25
Info (12128): Elaborating entity "a_graycounter_o57" for hierarchy "sdram_ctrl:u_sdram|async_fifo:u_fifo|dcfifo:u_dcfifo|dcfifo_mn02:auto_generated|a_graycounter_o57:rdptr_g1p" File: E:/Main/JuniorII/NonExam/FPGA/DE2Extra/par/de2os/db/dcfifo_mn02.tdf Line: 50
Info (12021): Found 1 design units, including 1 entities, in source file db/a_graycounter_kjc.tdf
    Info (12023): Found entity 1: a_graycounter_kjc File: E:/Main/JuniorII/NonExam/FPGA/DE2Extra/par/de2os/db/a_graycounter_kjc.tdf Line: 25
Info (12128): Elaborating entity "a_graycounter_kjc" for hierarchy "sdram_ctrl:u_sdram|async_fifo:u_fifo|dcfifo:u_dcfifo|dcfifo_mn02:auto_generated|a_graycounter_kjc:wrptr_g1p" File: E:/Main/JuniorII/NonExam/FPGA/DE2Extra/par/de2os/db/dcfifo_mn02.tdf Line: 51
Info (12021): Found 1 design units, including 1 entities, in source file db/altsyncram_vn41.tdf
    Info (12023): Found entity 1: altsyncram_vn41 File: E:/Main/JuniorII/NonExam/FPGA/DE2Extra/par/de2os/db/altsyncram_vn41.tdf Line: 28
Info (12128): Elaborating entity "altsyncram_vn41" for hierarchy "sdram_ctrl:u_sdram|async_fifo:u_fifo|dcfifo:u_dcfifo|dcfifo_mn02:auto_generated|altsyncram_vn41:fifo_ram" File: E:/Main/JuniorII/NonExam/FPGA/DE2Extra/par/de2os/db/dcfifo_mn02.tdf Line: 52
Info (12021): Found 1 design units, including 1 entities, in source file db/alt_synch_pipe_rnl.tdf
    Info (12023): Found entity 1: alt_synch_pipe_rnl File: E:/Main/JuniorII/NonExam/FPGA/DE2Extra/par/de2os/db/alt_synch_pipe_rnl.tdf Line: 27
Info (12128): Elaborating entity "alt_synch_pipe_rnl" for hierarchy "sdram_ctrl:u_sdram|async_fifo:u_fifo|dcfifo:u_dcfifo|dcfifo_mn02:auto_generated|alt_synch_pipe_rnl:rs_dgwp" File: E:/Main/JuniorII/NonExam/FPGA/DE2Extra/par/de2os/db/dcfifo_mn02.tdf Line: 59
Info (12021): Found 1 design units, including 1 entities, in source file db/dffpipe_cd9.tdf
    Info (12023): Found entity 1: dffpipe_cd9 File: E:/Main/JuniorII/NonExam/FPGA/DE2Extra/par/de2os/db/dffpipe_cd9.tdf Line: 25
Info (12128): Elaborating entity "dffpipe_cd9" for hierarchy "sdram_ctrl:u_sdram|async_fifo:u_fifo|dcfifo:u_dcfifo|dcfifo_mn02:auto_generated|alt_synch_pipe_rnl:rs_dgwp|dffpipe_cd9:dffpipe10" File: E:/Main/JuniorII/NonExam/FPGA/DE2Extra/par/de2os/db/alt_synch_pipe_rnl.tdf Line: 35
Info (12021): Found 1 design units, including 1 entities, in source file db/alt_synch_pipe_snl.tdf
    Info (12023): Found entity 1: alt_synch_pipe_snl File: E:/Main/JuniorII/NonExam/FPGA/DE2Extra/par/de2os/db/alt_synch_pipe_snl.tdf Line: 27
Info (12128): Elaborating entity "alt_synch_pipe_snl" for hierarchy "sdram_ctrl:u_sdram|async_fifo:u_fifo|dcfifo:u_dcfifo|dcfifo_mn02:auto_generated|alt_synch_pipe_snl:ws_dgrp" File: E:/Main/JuniorII/NonExam/FPGA/DE2Extra/par/de2os/db/dcfifo_mn02.tdf Line: 60
Info (12021): Found 1 design units, including 1 entities, in source file db/dffpipe_dd9.tdf
    Info (12023): Found entity 1: dffpipe_dd9 File: E:/Main/JuniorII/NonExam/FPGA/DE2Extra/par/de2os/db/dffpipe_dd9.tdf Line: 25
Info (12128): Elaborating entity "dffpipe_dd9" for hierarchy "sdram_ctrl:u_sdram|async_fifo:u_fifo|dcfifo:u_dcfifo|dcfifo_mn02:auto_generated|alt_synch_pipe_snl:ws_dgrp|dffpipe_dd9:dffpipe13" File: E:/Main/JuniorII/NonExam/FPGA/DE2Extra/par/de2os/db/alt_synch_pipe_snl.tdf Line: 35
Info (12021): Found 1 design units, including 1 entities, in source file db/cmpr_a66.tdf
    Info (12023): Found entity 1: cmpr_a66 File: E:/Main/JuniorII/NonExam/FPGA/DE2Extra/par/de2os/db/cmpr_a66.tdf Line: 23
Info (12128): Elaborating entity "cmpr_a66" for hierarchy "sdram_ctrl:u_sdram|async_fifo:u_fifo|dcfifo:u_dcfifo|dcfifo_mn02:auto_generated|cmpr_a66:rdempty_eq_comp" File: E:/Main/JuniorII/NonExam/FPGA/DE2Extra/par/de2os/db/dcfifo_mn02.tdf Line: 61
Info (12128): Elaborating entity "vga_text_terminal" for hierarchy "vga_text_terminal:u_vga" File: E:/Main/JuniorII/NonExam/FPGA/DE2Extra/src/rtl/de2os_top.vhd Line: 553
Info (12128): Elaborating entity "vga_pixel_ctrl" for hierarchy "vga_pixel_ctrl:u_vga_px" File: E:/Main/JuniorII/NonExam/FPGA/DE2Extra/src/rtl/de2os_top.vhd Line: 574
Warning (10036): Verilog HDL or VHDL warning at vga_pixel_ctrl.vhd(50): object "h_count" assigned a value but never read File: E:/Main/JuniorII/NonExam/FPGA/DE2Extra/src/rtl/periph/vga_pixel_ctrl.vhd Line: 50
Warning (10036): Verilog HDL or VHDL warning at vga_pixel_ctrl.vhd(51): object "v_count" assigned a value but never read File: E:/Main/JuniorII/NonExam/FPGA/DE2Extra/src/rtl/periph/vga_pixel_ctrl.vhd Line: 51
Warning (10036): Verilog HDL or VHDL warning at vga_pixel_ctrl.vhd(83): object "pixel_color" assigned a value but never read File: E:/Main/JuniorII/NonExam/FPGA/DE2Extra/src/rtl/periph/vga_pixel_ctrl.vhd Line: 83
Info (12128): Elaborating entity "vga_timing_640x480" for hierarchy "vga_pixel_ctrl:u_vga_px|vga_timing_640x480:u_timing" File: E:/Main/JuniorII/NonExam/FPGA/DE2Extra/src/rtl/periph/vga_pixel_ctrl.vhd Line: 90
Info (12128): Elaborating entity "fb_reader_rgb565" for hierarchy "vga_pixel_ctrl:u_vga_px|fb_reader_rgb565:u_fb_reader" File: E:/Main/JuniorII/NonExam/FPGA/DE2Extra/src/rtl/periph/vga_pixel_ctrl.vhd Line: 107
Info (12128): Elaborating entity "altsyncram" for hierarchy "vga_pixel_ctrl:u_vga_px|fb_reader_rgb565:u_fb_reader|altsyncram:u_linebuf_a" File: E:/Main/JuniorII/NonExam/FPGA/DE2Extra/src/rtl/periph/fb_reader_rgb565.vhd Line: 98
Info (12130): Elaborated megafunction instantiation "vga_pixel_ctrl:u_vga_px|fb_reader_rgb565:u_fb_reader|altsyncram:u_linebuf_a" File: E:/Main/JuniorII/NonExam/FPGA/DE2Extra/src/rtl/periph/fb_reader_rgb565.vhd Line: 98
Info (12133): Instantiated megafunction "vga_pixel_ctrl:u_vga_px|fb_reader_rgb565:u_fb_reader|altsyncram:u_linebuf_a" with the following parameter: File: E:/Main/JuniorII/NonExam/FPGA/DE2Extra/src/rtl/periph/fb_reader_rgb565.vhd Line: 98
    Info (12134): Parameter "address_aclr_a" = "NONE"
    Info (12134): Parameter "address_aclr_b" = "NONE"
    Info (12134): Parameter "address_reg_b" = "CLOCK1"
    Info (12134): Parameter "byte_size" = "8"
    Info (12134): Parameter "byteena_aclr_a" = "UNUSED"
    Info (12134): Parameter "byteena_aclr_b" = "NONE"
    Info (12134): Parameter "byteena_reg_b" = "CLOCK1"
    Info (12134): Parameter "clock_enable_core_a" = "USE_INPUT_CLKEN"
    Info (12134): Parameter "clock_enable_core_b" = "USE_INPUT_CLKEN"
    Info (12134): Parameter "clock_enable_input_a" = "NORMAL"
    Info (12134): Parameter "clock_enable_input_b" = "NORMAL"
    Info (12134): Parameter "clock_enable_output_a" = "NORMAL"
    Info (12134): Parameter "clock_enable_output_b" = "NORMAL"
    Info (12134): Parameter "intended_device_family" = "Cyclone IV E"
    Info (12134): Parameter "ecc_pipeline_stage_enabled" = "FALSE"
    Info (12134): Parameter "enable_ecc" = "FALSE"
    Info (12134): Parameter "implement_in_les" = "OFF"
    Info (12134): Parameter "indata_aclr_a" = "NONE"
    Info (12134): Parameter "indata_aclr_b" = "NONE"
    Info (12134): Parameter "indata_reg_b" = "CLOCK1"
    Info (12134): Parameter "init_file" = "UNUSED"
    Info (12134): Parameter "init_file_layout" = "PORT_A"
    Info (12134): Parameter "maximum_depth" = "0"
    Info (12134): Parameter "numwords_a" = "320"
    Info (12134): Parameter "numwords_b" = "320"
    Info (12134): Parameter "operation_mode" = "DUAL_PORT"
    Info (12134): Parameter "outdata_aclr_a" = "NONE"
    Info (12134): Parameter "outdata_aclr_b" = "NONE"
    Info (12134): Parameter "outdata_reg_a" = "UNREGISTERED"
    Info (12134): Parameter "outdata_reg_b" = "UNREGISTERED"
    Info (12134): Parameter "power_up_uninitialized" = "FALSE"
    Info (12134): Parameter "ram_block_type" = "M9K"
    Info (12134): Parameter "rdcontrol_aclr_b" = "NONE"
    Info (12134): Parameter "rdcontrol_reg_b" = "CLOCK1"
    Info (12134): Parameter "read_during_write_mode_mixed_ports" = "DONT_CARE"
    Info (12134): Parameter "read_during_write_mode_port_a" = "NEW_DATA_NO_NBE_READ"
    Info (12134): Parameter "read_during_write_mode_port_b" = "NEW_DATA_NO_NBE_READ"
    Info (12134): Parameter "stratixiv_m144k_allow_dual_clocks" = "ON"
    Info (12134): Parameter "width_a" = "32"
    Info (12134): Parameter "width_b" = "32"
    Info (12134): Parameter "width_byteena_a" = "1"
    Info (12134): Parameter "width_byteena_b" = "1"
    Info (12134): Parameter "width_eccstatus" = "3"
    Info (12134): Parameter "widthad_a" = "9"
    Info (12134): Parameter "widthad_b" = "9"
    Info (12134): Parameter "wrcontrol_aclr_a" = "NONE"
    Info (12134): Parameter "wrcontrol_aclr_b" = "NONE"
    Info (12134): Parameter "wrcontrol_wraddress_reg_b" = "CLOCK1"
    Info (12134): Parameter "lpm_hint" = "UNUSED"
    Info (12134): Parameter "lpm_type" = "altsyncram"
Info (12021): Found 1 design units, including 1 entities, in source file db/altsyncram_66v3.tdf
    Info (12023): Found entity 1: altsyncram_66v3 File: E:/Main/JuniorII/NonExam/FPGA/DE2Extra/par/de2os/db/altsyncram_66v3.tdf Line: 28
Info (12128): Elaborating entity "altsyncram_66v3" for hierarchy "vga_pixel_ctrl:u_vga_px|fb_reader_rgb565:u_fb_reader|altsyncram:u_linebuf_a|altsyncram_66v3:auto_generated" File: e:/software/intelfpga_lite/23.1std/quartus/libraries/megafunctions/altsyncram.tdf Line: 792
Info (12128): Elaborating entity "ps2_controller" for hierarchy "ps2_controller:u_ps2" File: E:/Main/JuniorII/NonExam/FPGA/DE2Extra/src/rtl/de2os_top.vhd Line: 621
Info (12128): Elaborating entity "ps2_sync" for hierarchy "ps2_controller:u_ps2|ps2_sync:u_sync" File: E:/Main/JuniorII/NonExam/FPGA/DE2Extra/src/rtl/periph/ps2_controller.vhd Line: 130
Info (12128): Elaborating entity "ps2_receiver" for hierarchy "ps2_controller:u_ps2|ps2_receiver:u_rx" File: E:/Main/JuniorII/NonExam/FPGA/DE2Extra/src/rtl/periph/ps2_controller.vhd Line: 144
Info (12128): Elaborating entity "ir_nec_wb" for hierarchy "ir_nec_wb:u_ir" File: E:/Main/JuniorII/NonExam/FPGA/DE2Extra/src/rtl/de2os_top.vhd Line: 646
Info (12128): Elaborating entity "ir_dbg_exp10" for hierarchy "ir_nec_wb:u_ir|ir_dbg_exp10:u_decoder" File: E:/Main/JuniorII/NonExam/FPGA/DE2Extra/src/rtl/periph/ir_nec_wb.vhd Line: 57
Info (12128): Elaborating entity "build_info_wb" for hierarchy "build_info_wb:u_build_info" File: E:/Main/JuniorII/NonExam/FPGA/DE2Extra/src/rtl/de2os_top.vhd Line: 659
Info (12128): Elaborating entity "expdemo_top" for hierarchy "expdemo_top:u_expdemo" File: E:/Main/JuniorII/NonExam/FPGA/DE2Extra/src/rtl/de2os_top.vhd Line: 672
Info (12128): Elaborating entity "expdemo_wb" for hierarchy "expdemo_top:u_expdemo|expdemo_wb:u_wb" File: E:/Main/JuniorII/NonExam/FPGA/DE2Extra/src/rtl/periph/expdemo_top.vhd Line: 104
Info (12128): Elaborating entity "exp8_ps2_sync" for hierarchy "expdemo_top:u_expdemo|exp8_ps2_sync:u_ps2_mon_sync" File: E:/Main/JuniorII/NonExam/FPGA/DE2Extra/src/rtl/periph/expdemo_top.vhd Line: 135
Info (12128): Elaborating entity "exp8_ps2_receiver" for hierarchy "expdemo_top:u_expdemo|exp8_ps2_receiver:u_ps2_mon_rx" File: E:/Main/JuniorII/NonExam/FPGA/DE2Extra/src/rtl/periph/expdemo_top.vhd Line: 144
Info (12128): Elaborating entity "adapt_exp1" for hierarchy "expdemo_top:u_expdemo|adapt_exp1:u_e1" File: E:/Main/JuniorII/NonExam/FPGA/DE2Extra/src/rtl/periph/expdemo_top.vhd Line: 193
Info (12128): Elaborating entity "deco138_for" for hierarchy "expdemo_top:u_expdemo|adapt_exp1:u_e1|deco138_for:u_deco138" File: E:/Main/JuniorII/NonExam/FPGA/DE2Extra/src/rtl/exp/adapt_exp1.vhd Line: 20
Warning (10492): VHDL Process Statement warning at deco138_for.vhd(40): signal "temp" is read inside the Process Statement but isn't in the Process Statement's sensitivity list File: E:/Main/JuniorII/NonExam/FPGA/DE2Extra/src/rtl/exp/deco138_for.vhd Line: 40
Info (12128): Elaborating entity "adapt_exp2" for hierarchy "expdemo_top:u_expdemo|adapt_exp2:u_e2" File: E:/Main/JuniorII/NonExam/FPGA/DE2Extra/src/rtl/periph/expdemo_top.vhd Line: 197
Info (12128): Elaborating entity "led_patterns" for hierarchy "expdemo_top:u_expdemo|adapt_exp2:u_e2|led_patterns:u_led" File: E:/Main/JuniorII/NonExam/FPGA/DE2Extra/src/rtl/exp/adapt_exp2.vhd Line: 49
Info (12128): Elaborating entity "adapt_exp3" for hierarchy "expdemo_top:u_expdemo|adapt_exp3:u_e3" File: E:/Main/JuniorII/NonExam/FPGA/DE2Extra/src/rtl/periph/expdemo_top.vhd Line: 202
Info (12128): Elaborating entity "exp3_top" for hierarchy "expdemo_top:u_expdemo|adapt_exp3:u_e3|exp3_top:u_exp3" File: E:/Main/JuniorII/NonExam/FPGA/DE2Extra/src/rtl/exp/adapt_exp3.vhd Line: 28
Info (12128): Elaborating entity "seg_decoder" for hierarchy "expdemo_top:u_expdemo|adapt_exp3:u_e3|exp3_top:u_exp3|seg_decoder:u_seg_decoder" File: E:/Main/JuniorII/NonExam/FPGA/DE2Extra/src/rtl/exp/exp3_top.vhd Line: 51
Info (12128): Elaborating entity "hello_display" for hierarchy "expdemo_top:u_expdemo|adapt_exp3:u_e3|exp3_top:u_exp3|hello_display:u_hello" File: E:/Main/JuniorII/NonExam/FPGA/DE2Extra/src/rtl/exp/exp3_top.vhd Line: 60
Info (12128): Elaborating entity "hex_scan" for hierarchy "expdemo_top:u_expdemo|adapt_exp3:u_e3|exp3_top:u_exp3|hex_scan:u_hex_scan" File: E:/Main/JuniorII/NonExam/FPGA/DE2Extra/src/rtl/exp/exp3_top.vhd Line: 72
Info (12128): Elaborating entity "digital_clock" for hierarchy "expdemo_top:u_expdemo|adapt_exp3:u_e3|exp3_top:u_exp3|digital_clock:u_clock" File: E:/Main/JuniorII/NonExam/FPGA/DE2Extra/src/rtl/exp/exp3_top.vhd Line: 87
Info (12128): Elaborating entity "adapt_exp4" for hierarchy "expdemo_top:u_expdemo|adapt_exp4:u_e4" File: E:/Main/JuniorII/NonExam/FPGA/DE2Extra/src/rtl/periph/expdemo_top.vhd Line: 206
Info (12128): Elaborating entity "ram_top" for hierarchy "expdemo_top:u_expdemo|adapt_exp4:u_e4|ram_top:u_ram" File: E:/Main/JuniorII/NonExam/FPGA/DE2Extra/src/rtl/exp/adapt_exp4.vhd Line: 18
Info (12128): Elaborating entity "dpram" for hierarchy "expdemo_top:u_expdemo|adapt_exp4:u_e4|ram_top:u_ram|dpram:u_ram" File: E:/Main/JuniorII/NonExam/FPGA/DE2Extra/src/rtl/exp/ram_top.vhd Line: 72
Info (12128): Elaborating entity "adapt_exp5" for hierarchy "expdemo_top:u_expdemo|adapt_exp5:u_e5" File: E:/Main/JuniorII/NonExam/FPGA/DE2Extra/src/rtl/periph/expdemo_top.vhd Line: 210
Info (12128): Elaborating entity "exp5_top" for hierarchy "expdemo_top:u_expdemo|adapt_exp5:u_e5|exp5_top:u_exp5" File: E:/Main/JuniorII/NonExam/FPGA/DE2Extra/src/rtl/exp/adapt_exp5.vhd Line: 40
Info (12128): Elaborating entity "fsm_one" for hierarchy "expdemo_top:u_expdemo|adapt_exp5:u_e5|exp5_top:u_exp5|fsm_one:u_fsm_one" File: E:/Main/JuniorII/NonExam/FPGA/DE2Extra/src/rtl/exp/exp5_top.vhd Line: 27
Info (12128): Elaborating entity "fsm_two" for hierarchy "expdemo_top:u_expdemo|adapt_exp5:u_e5|exp5_top:u_exp5|fsm_two:u_fsm_two" File: E:/Main/JuniorII/NonExam/FPGA/DE2Extra/src/rtl/exp/exp5_top.vhd Line: 30
Info (12128): Elaborating entity "fsm_three" for hierarchy "expdemo_top:u_expdemo|adapt_exp5:u_e5|exp5_top:u_exp5|fsm_three:u_fsm_three" File: E:/Main/JuniorII/NonExam/FPGA/DE2Extra/src/rtl/exp/exp5_top.vhd Line: 33
Info (12128): Elaborating entity "adapt_exp8" for hierarchy "expdemo_top:u_expdemo|adapt_exp8:u_e8" File: E:/Main/JuniorII/NonExam/FPGA/DE2Extra/src/rtl/periph/expdemo_top.vhd Line: 214
Info (12128): Elaborating entity "exp8_ps2_keyboard" for hierarchy "expdemo_top:u_expdemo|adapt_exp8:u_e8|exp8_ps2_keyboard:u_ps2" File: E:/Main/JuniorII/NonExam/FPGA/DE2Extra/src/rtl/exp/adapt_exp8.vhd Line: 21
Info (12128): Elaborating entity "scan_code_buffer" for hierarchy "expdemo_top:u_expdemo|adapt_exp8:u_e8|exp8_ps2_keyboard:u_ps2|scan_code_buffer:u_buf" File: E:/Main/JuniorII/NonExam/FPGA/DE2Extra/src/rtl/exp/ps2_keyboard.vhd Line: 81
Info (12128): Elaborating entity "seg7_decoder" for hierarchy "expdemo_top:u_expdemo|adapt_exp8:u_e8|exp8_ps2_keyboard:u_ps2|seg7_decoder:u_hex7" File: E:/Main/JuniorII/NonExam/FPGA/DE2Extra/src/rtl/exp/ps2_keyboard.vhd Line: 90
Info (12128): Elaborating entity "adapt_exp9" for hierarchy "expdemo_top:u_expdemo|adapt_exp9:u_e9" File: E:/Main/JuniorII/NonExam/FPGA/DE2Extra/src/rtl/periph/expdemo_top.vhd Line: 219
Info (12128): Elaborating entity "uart_top" for hierarchy "expdemo_top:u_expdemo|adapt_exp9:u_e9|uart_top:u_uart" File: E:/Main/JuniorII/NonExam/FPGA/DE2Extra/src/rtl/exp/adapt_exp9.vhd Line: 22
Info (12128): Elaborating entity "adapt_exp10" for hierarchy "expdemo_top:u_expdemo|adapt_exp10:u_e10" File: E:/Main/JuniorII/NonExam/FPGA/DE2Extra/src/rtl/periph/expdemo_top.vhd Line: 224
Info (12128): Elaborating entity "adapt_exp11" for hierarchy "expdemo_top:u_expdemo|adapt_exp11:u_e11" File: E:/Main/JuniorII/NonExam/FPGA/DE2Extra/src/rtl/periph/expdemo_top.vhd Line: 229
Info (12128): Elaborating entity "DDS" for hierarchy "expdemo_top:u_expdemo|adapt_exp11:u_e11|DDS:u_dds" File: E:/Main/JuniorII/NonExam/FPGA/DE2Extra/src/rtl/exp/adapt_exp11.vhd Line: 23
Info (12128): Elaborating entity "DDS_ROM" for hierarchy "expdemo_top:u_expdemo|adapt_exp11:u_e11|DDS:u_dds|DDS_ROM:u_rom" File: E:/Main/JuniorII/NonExam/FPGA/DE2Extra/src/rtl/exp/dds.vhd Line: 96
Info (12128): Elaborating entity "altsyncram" for hierarchy "expdemo_top:u_expdemo|adapt_exp11:u_e11|DDS:u_dds|DDS_ROM:u_rom|altsyncram:altsyncram_component" File: E:/Main/JuniorII/NonExam/FPGA/DE2Extra/src/rtl/exp/DDS_ROM.vhd Line: 60
Info (12130): Elaborated megafunction instantiation "expdemo_top:u_expdemo|adapt_exp11:u_e11|DDS:u_dds|DDS_ROM:u_rom|altsyncram:altsyncram_component" File: E:/Main/JuniorII/NonExam/FPGA/DE2Extra/src/rtl/exp/DDS_ROM.vhd Line: 60
Info (12133): Instantiated megafunction "expdemo_top:u_expdemo|adapt_exp11:u_e11|DDS:u_dds|DDS_ROM:u_rom|altsyncram:altsyncram_component" with the following parameter: File: E:/Main/JuniorII/NonExam/FPGA/DE2Extra/src/rtl/exp/DDS_ROM.vhd Line: 60
    Info (12134): Parameter "address_aclr_a" = "NONE"
    Info (12134): Parameter "address_aclr_b" = "NONE"
    Info (12134): Parameter "address_reg_b" = "CLOCK1"
    Info (12134): Parameter "byte_size" = "8"
    Info (12134): Parameter "byteena_aclr_a" = "UNUSED"
    Info (12134): Parameter "byteena_aclr_b" = "NONE"
    Info (12134): Parameter "byteena_reg_b" = "CLOCK1"
    Info (12134): Parameter "clock_enable_core_a" = "USE_INPUT_CLKEN"
    Info (12134): Parameter "clock_enable_core_b" = "USE_INPUT_CLKEN"
    Info (12134): Parameter "clock_enable_input_a" = "BYPASS"
    Info (12134): Parameter "clock_enable_input_b" = "NORMAL"
    Info (12134): Parameter "clock_enable_output_a" = "BYPASS"
    Info (12134): Parameter "clock_enable_output_b" = "NORMAL"
    Info (12134): Parameter "intended_device_family" = "Cyclone IV E"
    Info (12134): Parameter "ecc_pipeline_stage_enabled" = "FALSE"
    Info (12134): Parameter "enable_ecc" = "FALSE"
    Info (12134): Parameter "implement_in_les" = "OFF"
    Info (12134): Parameter "indata_aclr_a" = "UNUSED"
    Info (12134): Parameter "indata_aclr_b" = "NONE"
    Info (12134): Parameter "indata_reg_b" = "CLOCK1"
    Info (12134): Parameter "init_file" = "../../src/rtl/exp/sin_data.mif"
    Info (12134): Parameter "init_file_layout" = "PORT_A"
    Info (12134): Parameter "maximum_depth" = "0"
    Info (12134): Parameter "numwords_a" = "1024"
    Info (12134): Parameter "numwords_b" = "0"
    Info (12134): Parameter "operation_mode" = "ROM"
    Info (12134): Parameter "outdata_aclr_a" = "NONE"
    Info (12134): Parameter "outdata_aclr_b" = "NONE"
    Info (12134): Parameter "outdata_reg_a" = "CLOCK0"
    Info (12134): Parameter "outdata_reg_b" = "UNREGISTERED"
    Info (12134): Parameter "power_up_uninitialized" = "FALSE"
    Info (12134): Parameter "ram_block_type" = "AUTO"
    Info (12134): Parameter "rdcontrol_aclr_b" = "NONE"
    Info (12134): Parameter "rdcontrol_reg_b" = "CLOCK1"
    Info (12134): Parameter "read_during_write_mode_mixed_ports" = "DONT_CARE"
    Info (12134): Parameter "read_during_write_mode_port_a" = "NEW_DATA_NO_NBE_READ"
    Info (12134): Parameter "read_during_write_mode_port_b" = "NEW_DATA_NO_NBE_READ"
    Info (12134): Parameter "stratixiv_m144k_allow_dual_clocks" = "ON"
    Info (12134): Parameter "width_a" = "10"
    Info (12134): Parameter "width_b" = "1"
    Info (12134): Parameter "width_byteena_a" = "1"
    Info (12134): Parameter "width_byteena_b" = "1"
    Info (12134): Parameter "width_eccstatus" = "3"
    Info (12134): Parameter "widthad_a" = "10"
    Info (12134): Parameter "widthad_b" = "1"
    Info (12134): Parameter "wrcontrol_aclr_a" = "UNUSED"
    Info (12134): Parameter "wrcontrol_aclr_b" = "NONE"
    Info (12134): Parameter "wrcontrol_wraddress_reg_b" = "CLOCK1"
    Info (12134): Parameter "lpm_hint" = "ENABLE_RUNTIME_MOD=NO"
    Info (12134): Parameter "lpm_type" = "altsyncram"
Info (12021): Found 1 design units, including 1 entities, in source file db/altsyncram_sss3.tdf
    Info (12023): Found entity 1: altsyncram_sss3 File: E:/Main/JuniorII/NonExam/FPGA/DE2Extra/par/de2os/db/altsyncram_sss3.tdf Line: 28
Info (12128): Elaborating entity "altsyncram_sss3" for hierarchy "expdemo_top:u_expdemo|adapt_exp11:u_e11|DDS:u_dds|DDS_ROM:u_rom|altsyncram:altsyncram_component|altsyncram_sss3:auto_generated" File: e:/software/intelfpga_lite/23.1std/quartus/libraries/megafunctions/altsyncram.tdf Line: 792
Info (12128): Elaborating entity "adapt_exp12" for hierarchy "expdemo_top:u_expdemo|adapt_exp12:u_e12" File: E:/Main/JuniorII/NonExam/FPGA/DE2Extra/src/rtl/periph/expdemo_top.vhd Line: 233
Info (12128): Elaborating entity "simple_cpu" for hierarchy "expdemo_top:u_expdemo|adapt_exp12:u_e12|simple_cpu:u_cpu" File: E:/Main/JuniorII/NonExam/FPGA/DE2Extra/src/rtl/exp/adapt_exp12.vhd Line: 49
Warning (10036): Verilog HDL or VHDL warning at simple_cpu.vhd(54): object "key0_prev" assigned a value but never read File: E:/Main/JuniorII/NonExam/FPGA/DE2Extra/src/rtl/exp/simple_cpu.vhd Line: 54
Info (12128): Elaborating entity "lcd_display" for hierarchy "expdemo_top:u_expdemo|adapt_exp12:u_e12|simple_cpu:u_cpu|lcd_display:u_lcd" File: E:/Main/JuniorII/NonExam/FPGA/DE2Extra/src/rtl/exp/simple_cpu.vhd Line: 377
Info (12128): Elaborating entity "adapt_exp13a" for hierarchy "expdemo_top:u_expdemo|adapt_exp13a:u_e13a" File: E:/Main/JuniorII/NonExam/FPGA/DE2Extra/src/rtl/periph/expdemo_top.vhd Line: 251
Info (12128): Elaborating entity "lcd_soc" for hierarchy "expdemo_top:u_expdemo|adapt_exp13a:u_e13a|lcd_soc:u_lcd" File: E:/Main/JuniorII/NonExam/FPGA/DE2Extra/src/rtl/exp/adapt_exp13a.vhd Line: 44
Info (12128): Elaborating entity "seg7_mapper" for hierarchy "seg7_mapper:u_seg7_lo" File: E:/Main/JuniorII/NonExam/FPGA/DE2Extra/src/rtl/de2os_top.vhd Line: 737
Info (12128): Elaborating entity "jtag_uart_0" for hierarchy "jtag_uart_0:u_jtag_uart" File: E:/Main/JuniorII/NonExam/FPGA/DE2Extra/src/rtl/de2os_top.vhd Line: 769
Info (12128): Elaborating entity "jtag_uart_0_jtag_uart_0" for hierarchy "jtag_uart_0:u_jtag_uart|jtag_uart_0_jtag_uart_0:jtag_uart_0" File: E:/Main/JuniorII/NonExam/FPGA/DE2Extra/par/jtag_uart_0/synthesis/jtag_uart_0.vhd Line: 111
Info (12128): Elaborating entity "jtag_uart_0_jtag_uart_0_scfifo_w" for hierarchy "jtag_uart_0:u_jtag_uart|jtag_uart_0_jtag_uart_0:jtag_uart_0|jtag_uart_0_jtag_uart_0_scfifo_w:the_jtag_uart_0_jtag_uart_0_scfifo_w" File: E:/Main/JuniorII/NonExam/FPGA/DE2Extra/par/jtag_uart_0/synthesis/submodules/jtag_uart_0_jtag_uart_0.v Line: 420
Info (12128): Elaborating entity "scfifo" for hierarchy "jtag_uart_0:u_jtag_uart|jtag_uart_0_jtag_uart_0:jtag_uart_0|jtag_uart_0_jtag_uart_0_scfifo_w:the_jtag_uart_0_jtag_uart_0_scfifo_w|scfifo:wfifo" File: E:/Main/JuniorII/NonExam/FPGA/DE2Extra/par/jtag_uart_0/synthesis/submodules/jtag_uart_0_jtag_uart_0.v Line: 139
Info (12130): Elaborated megafunction instantiation "jtag_uart_0:u_jtag_uart|jtag_uart_0_jtag_uart_0:jtag_uart_0|jtag_uart_0_jtag_uart_0_scfifo_w:the_jtag_uart_0_jtag_uart_0_scfifo_w|scfifo:wfifo" File: E:/Main/JuniorII/NonExam/FPGA/DE2Extra/par/jtag_uart_0/synthesis/submodules/jtag_uart_0_jtag_uart_0.v Line: 139
Info (12133): Instantiated megafunction "jtag_uart_0:u_jtag_uart|jtag_uart_0_jtag_uart_0:jtag_uart_0|jtag_uart_0_jtag_uart_0_scfifo_w:the_jtag_uart_0_jtag_uart_0_scfifo_w|scfifo:wfifo" with the following parameter: File: E:/Main/JuniorII/NonExam/FPGA/DE2Extra/par/jtag_uart_0/synthesis/submodules/jtag_uart_0_jtag_uart_0.v Line: 139
    Info (12134): Parameter "lpm_hint" = "RAM_BLOCK_TYPE=AUTO"
    Info (12134): Parameter "lpm_numwords" = "64"
    Info (12134): Parameter "lpm_showahead" = "OFF"
    Info (12134): Parameter "lpm_type" = "scfifo"
    Info (12134): Parameter "lpm_width" = "8"
    Info (12134): Parameter "lpm_widthu" = "6"
    Info (12134): Parameter "overflow_checking" = "OFF"
    Info (12134): Parameter "underflow_checking" = "OFF"
    Info (12134): Parameter "use_eab" = "ON"
Info (12021): Found 1 design units, including 1 entities, in source file db/scfifo_jr21.tdf
    Info (12023): Found entity 1: scfifo_jr21 File: E:/Main/JuniorII/NonExam/FPGA/DE2Extra/par/de2os/db/scfifo_jr21.tdf Line: 25
Info (12128): Elaborating entity "scfifo_jr21" for hierarchy "jtag_uart_0:u_jtag_uart|jtag_uart_0_jtag_uart_0:jtag_uart_0|jtag_uart_0_jtag_uart_0_scfifo_w:the_jtag_uart_0_jtag_uart_0_scfifo_w|scfifo:wfifo|scfifo_jr21:auto_generated" File: e:/software/intelfpga_lite/23.1std/quartus/libraries/megafunctions/scfifo.tdf Line: 300
Info (12021): Found 1 design units, including 1 entities, in source file db/a_dpfifo_l011.tdf
    Info (12023): Found entity 1: a_dpfifo_l011 File: E:/Main/JuniorII/NonExam/FPGA/DE2Extra/par/de2os/db/a_dpfifo_l011.tdf Line: 29
Info (12128): Elaborating entity "a_dpfifo_l011" for hierarchy "jtag_uart_0:u_jtag_uart|jtag_uart_0_jtag_uart_0:jtag_uart_0|jtag_uart_0_jtag_uart_0_scfifo_w:the_jtag_uart_0_jtag_uart_0_scfifo_w|scfifo:wfifo|scfifo_jr21:auto_generated|a_dpfifo_l011:dpfifo" File: E:/Main/JuniorII/NonExam/FPGA/DE2Extra/par/de2os/db/scfifo_jr21.tdf Line: 38
Info (12021): Found 1 design units, including 1 entities, in source file db/a_fefifo_7cf.tdf
    Info (12023): Found entity 1: a_fefifo_7cf File: E:/Main/JuniorII/NonExam/FPGA/DE2Extra/par/de2os/db/a_fefifo_7cf.tdf Line: 25
Info (12128): Elaborating entity "a_fefifo_7cf" for hierarchy "jtag_uart_0:u_jtag_uart|jtag_uart_0_jtag_uart_0:jtag_uart_0|jtag_uart_0_jtag_uart_0_scfifo_w:the_jtag_uart_0_jtag_uart_0_scfifo_w|scfifo:wfifo|scfifo_jr21:auto_generated|a_dpfifo_l011:dpfifo|a_fefifo_7cf:fifo_state" File: E:/Main/JuniorII/NonExam/FPGA/DE2Extra/par/de2os/db/a_dpfifo_l011.tdf Line: 43
Info (12021): Found 1 design units, including 1 entities, in source file db/cntr_do7.tdf
    Info (12023): Found entity 1: cntr_do7 File: E:/Main/JuniorII/NonExam/FPGA/DE2Extra/par/de2os/db/cntr_do7.tdf Line: 26
Info (12128): Elaborating entity "cntr_do7" for hierarchy "jtag_uart_0:u_jtag_uart|jtag_uart_0_jtag_uart_0:jtag_uart_0|jtag_uart_0_jtag_uart_0_scfifo_w:the_jtag_uart_0_jtag_uart_0_scfifo_w|scfifo:wfifo|scfifo_jr21:auto_generated|a_dpfifo_l011:dpfifo|a_fefifo_7cf:fifo_state|cntr_do7:count_usedw" File: E:/Main/JuniorII/NonExam/FPGA/DE2Extra/par/de2os/db/a_fefifo_7cf.tdf Line: 39
Info (12021): Found 1 design units, including 1 entities, in source file db/altsyncram_nio1.tdf
    Info (12023): Found entity 1: altsyncram_nio1 File: E:/Main/JuniorII/NonExam/FPGA/DE2Extra/par/de2os/db/altsyncram_nio1.tdf Line: 28
Info (12128): Elaborating entity "altsyncram_nio1" for hierarchy "jtag_uart_0:u_jtag_uart|jtag_uart_0_jtag_uart_0:jtag_uart_0|jtag_uart_0_jtag_uart_0_scfifo_w:the_jtag_uart_0_jtag_uart_0_scfifo_w|scfifo:wfifo|scfifo_jr21:auto_generated|a_dpfifo_l011:dpfifo|altsyncram_nio1:FIFOram" File: E:/Main/JuniorII/NonExam/FPGA/DE2Extra/par/de2os/db/a_dpfifo_l011.tdf Line: 44
Info (12021): Found 1 design units, including 1 entities, in source file db/cntr_1ob.tdf
    Info (12023): Found entity 1: cntr_1ob File: E:/Main/JuniorII/NonExam/FPGA/DE2Extra/par/de2os/db/cntr_1ob.tdf Line: 26
Info (12128): Elaborating entity "cntr_1ob" for hierarchy "jtag_uart_0:u_jtag_uart|jtag_uart_0_jtag_uart_0:jtag_uart_0|jtag_uart_0_jtag_uart_0_scfifo_w:the_jtag_uart_0_jtag_uart_0_scfifo_w|scfifo:wfifo|scfifo_jr21:auto_generated|a_dpfifo_l011:dpfifo|cntr_1ob:rd_ptr_count" File: E:/Main/JuniorII/NonExam/FPGA/DE2Extra/par/de2os/db/a_dpfifo_l011.tdf Line: 45
Info (12128): Elaborating entity "jtag_uart_0_jtag_uart_0_scfifo_r" for hierarchy "jtag_uart_0:u_jtag_uart|jtag_uart_0_jtag_uart_0:jtag_uart_0|jtag_uart_0_jtag_uart_0_scfifo_r:the_jtag_uart_0_jtag_uart_0_scfifo_r" File: E:/Main/JuniorII/NonExam/FPGA/DE2Extra/par/jtag_uart_0/synthesis/submodules/jtag_uart_0_jtag_uart_0.v Line: 434
Info (12128): Elaborating entity "alt_jtag_atlantic" for hierarchy "jtag_uart_0:u_jtag_uart|jtag_uart_0_jtag_uart_0:jtag_uart_0|alt_jtag_atlantic:jtag_uart_0_jtag_uart_0_alt_jtag_atlantic" File: E:/Main/JuniorII/NonExam/FPGA/DE2Extra/par/jtag_uart_0/synthesis/submodules/jtag_uart_0_jtag_uart_0.v Line: 569
Info (12130): Elaborated megafunction instantiation "jtag_uart_0:u_jtag_uart|jtag_uart_0_jtag_uart_0:jtag_uart_0|alt_jtag_atlantic:jtag_uart_0_jtag_uart_0_alt_jtag_atlantic" File: E:/Main/JuniorII/NonExam/FPGA/DE2Extra/par/jtag_uart_0/synthesis/submodules/jtag_uart_0_jtag_uart_0.v Line: 569
Info (12133): Instantiated megafunction "jtag_uart_0:u_jtag_uart|jtag_uart_0_jtag_uart_0:jtag_uart_0|alt_jtag_atlantic:jtag_uart_0_jtag_uart_0_alt_jtag_atlantic" with the following parameter: File: E:/Main/JuniorII/NonExam/FPGA/DE2Extra/par/jtag_uart_0/synthesis/submodules/jtag_uart_0_jtag_uart_0.v Line: 569
    Info (12134): Parameter "INSTANCE_ID" = "0"
    Info (12134): Parameter "LOG2_RXFIFO_DEPTH" = "6"
    Info (12134): Parameter "LOG2_TXFIFO_DEPTH" = "6"
    Info (12134): Parameter "SLD_AUTO_INSTANCE_INDEX" = "YES"
Info (12128): Elaborating entity "sld_jtag_endpoint_adapter" for hierarchy "jtag_uart_0:u_jtag_uart|jtag_uart_0_jtag_uart_0:jtag_uart_0|alt_jtag_atlantic:jtag_uart_0_jtag_uart_0_alt_jtag_atlantic|sld_jtag_endpoint_adapter:inst" File: e:/software/intelfpga_lite/23.1std/quartus/libraries/megafunctions/alt_jtag_atlantic.v Line: 276
Info (12128): Elaborating entity "sld_jtag_endpoint_adapter_impl" for hierarchy "jtag_uart_0:u_jtag_uart|jtag_uart_0_jtag_uart_0:jtag_uart_0|alt_jtag_atlantic:jtag_uart_0_jtag_uart_0_alt_jtag_atlantic|sld_jtag_endpoint_adapter:inst|sld_jtag_endpoint_adapter_impl:sld_jtag_endpoint_adapter_impl_inst" File: e:/software/intelfpga_lite/23.1std/quartus/libraries/megafunctions/sld_jtag_endpoint_adapter.vhd Line: 232
Info (12128): Elaborating entity "altera_reset_controller" for hierarchy "jtag_uart_0:u_jtag_uart|altera_reset_controller:rst_controller" File: E:/Main/JuniorII/NonExam/FPGA/DE2Extra/par/jtag_uart_0/synthesis/jtag_uart_0.vhd Line: 125
Info (12128): Elaborating entity "altera_reset_synchronizer" for hierarchy "jtag_uart_0:u_jtag_uart|altera_reset_controller:rst_controller|altera_reset_synchronizer:alt_rst_sync_uq1" File: E:/Main/JuniorII/NonExam/FPGA/DE2Extra/par/jtag_uart_0/synthesis/submodules/altera_reset_controller.v Line: 208
Info (12128): Elaborating entity "altera_reset_synchronizer" for hierarchy "jtag_uart_0:u_jtag_uart|altera_reset_controller:rst_controller|altera_reset_synchronizer:alt_rst_req_sync_uq1" File: E:/Main/JuniorII/NonExam/FPGA/DE2Extra/par/jtag_uart_0/synthesis/submodules/altera_reset_controller.v Line: 220
Info (12128): Elaborating entity "uart_jtag_bridge" for hierarchy "uart_jtag_bridge:u_jtag_bridge" File: E:/Main/JuniorII/NonExam/FPGA/DE2Extra/src/rtl/de2os_top.vhd Line: 782
Info (12128): Elaborating entity "conway_engine" for hierarchy "conway_engine:u_conway" File: E:/Main/JuniorII/NonExam/FPGA/DE2Extra/src/rtl/de2os_top.vhd Line: 802
Info (12128): Elaborating entity "gpu_2d" for hierarchy "gpu_2d:u_gpu_2d" File: E:/Main/JuniorII/NonExam/FPGA/DE2Extra/src/rtl/de2os_top.vhd Line: 838
Warning (10036): Verilog HDL or VHDL warning at gpu_2d.vhd(68): object "shadow_base" assigned a value but never read File: E:/Main/JuniorII/NonExam/FPGA/DE2Extra/src/rtl/periph/gpu_2d.vhd Line: 68
Warning (10036): Verilog HDL or VHDL warning at gpu_2d.vhd(70): object "shadow_height" assigned a value but never read File: E:/Main/JuniorII/NonExam/FPGA/DE2Extra/src/rtl/periph/gpu_2d.vhd Line: 70
Info (12128): Elaborating entity "lcd_wb" for hierarchy "lcd_wb:u_lcd" File: E:/Main/JuniorII/NonExam/FPGA/DE2Extra/src/rtl/de2os_top.vhd Line: 862
Info (11170): Starting IP generation for the debug fabric: alt_sld_fab.
Info (11172): 2026.06.04.10:13:12 Progress: Loading slda2af9e54/alt_sld_fab_wrapper_hw.tcl
Info (11172): Alt_sld_fab.alt_sld_fab: SLD fabric agents which did not specify prefer_host were connected to JTAG
Info (11172): Alt_sld_fab: Generating alt_sld_fab "alt_sld_fab" for QUARTUS_SYNTH
Info (11172): Alt_sld_fab: "alt_sld_fab" instantiated alt_sld_fab "alt_sld_fab"
Info (11172): Presplit: "alt_sld_fab" instantiated altera_super_splitter "presplit"
Info (11172): Splitter: "alt_sld_fab" instantiated altera_sld_splitter "splitter"
Info (11172): Sldfabric: "alt_sld_fab" instantiated altera_sld_jtag_hub "sldfabric"
Info (11172): Ident: "alt_sld_fab" instantiated altera_connection_identification_hub "ident"
Info (11172): Alt_sld_fab: Done "alt_sld_fab" with 6 modules, 6 files
Info (11171): Finished IP generation for the debug fabric: alt_sld_fab.
Info (12021): Found 1 design units, including 1 entities, in source file db/ip/slda2af9e54/alt_sld_fab.v
    Info (12023): Found entity 1: alt_sld_fab File: E:/Main/JuniorII/NonExam/FPGA/DE2Extra/par/de2os/db/ip/slda2af9e54/alt_sld_fab.v Line: 9
Info (12021): Found 1 design units, including 1 entities, in source file db/ip/slda2af9e54/submodules/alt_sld_fab_alt_sld_fab.v
    Info (12023): Found entity 1: alt_sld_fab_alt_sld_fab File: E:/Main/JuniorII/NonExam/FPGA/DE2Extra/par/de2os/db/ip/slda2af9e54/submodules/alt_sld_fab_alt_sld_fab.v Line: 9
Info (12021): Found 1 design units, including 1 entities, in source file db/ip/slda2af9e54/submodules/alt_sld_fab_alt_sld_fab_ident.sv
    Info (12023): Found entity 1: alt_sld_fab_alt_sld_fab_ident File: E:/Main/JuniorII/NonExam/FPGA/DE2Extra/par/de2os/db/ip/slda2af9e54/submodules/alt_sld_fab_alt_sld_fab_ident.sv Line: 33
Info (12021): Found 1 design units, including 1 entities, in source file db/ip/slda2af9e54/submodules/alt_sld_fab_alt_sld_fab_presplit.sv
    Info (12023): Found entity 1: alt_sld_fab_alt_sld_fab_presplit File: E:/Main/JuniorII/NonExam/FPGA/DE2Extra/par/de2os/db/ip/slda2af9e54/submodules/alt_sld_fab_alt_sld_fab_presplit.sv Line: 3
Info (12021): Found 2 design units, including 1 entities, in source file db/ip/slda2af9e54/submodules/alt_sld_fab_alt_sld_fab_sldfabric.vhd
    Info (12022): Found design unit 1: alt_sld_fab_alt_sld_fab_sldfabric-rtl File: E:/Main/JuniorII/NonExam/FPGA/DE2Extra/par/de2os/db/ip/slda2af9e54/submodules/alt_sld_fab_alt_sld_fab_sldfabric.vhd Line: 102
    Info (12023): Found entity 1: alt_sld_fab_alt_sld_fab_sldfabric File: E:/Main/JuniorII/NonExam/FPGA/DE2Extra/par/de2os/db/ip/slda2af9e54/submodules/alt_sld_fab_alt_sld_fab_sldfabric.vhd Line: 11
Info (12021): Found 1 design units, including 1 entities, in source file db/ip/slda2af9e54/submodules/alt_sld_fab_alt_sld_fab_splitter.sv
    Info (12023): Found entity 1: alt_sld_fab_alt_sld_fab_splitter File: E:/Main/JuniorII/NonExam/FPGA/DE2Extra/par/de2os/db/ip/slda2af9e54/submodules/alt_sld_fab_alt_sld_fab_splitter.sv Line: 3
Warning (14284): Synthesized away the following node(s):
    Warning (14285): Synthesized away the following RAM node(s):
        Warning (14320): Synthesized away node "jtag_uart_0:u_jtag_uart|jtag_uart_0_jtag_uart_0:jtag_uart_0|jtag_uart_0_jtag_uart_0_scfifo_r:the_jtag_uart_0_jtag_uart_0_scfifo_r|scfifo:rfifo|scfifo_jr21:auto_generated|a_dpfifo_l011:dpfifo|altsyncram_nio1:FIFOram|q_b[0]" File: E:/Main/JuniorII/NonExam/FPGA/DE2Extra/par/de2os/db/altsyncram_nio1.tdf Line: 40
        Warning (14320): Synthesized away node "jtag_uart_0:u_jtag_uart|jtag_uart_0_jtag_uart_0:jtag_uart_0|jtag_uart_0_jtag_uart_0_scfifo_r:the_jtag_uart_0_jtag_uart_0_scfifo_r|scfifo:rfifo|scfifo_jr21:auto_generated|a_dpfifo_l011:dpfifo|altsyncram_nio1:FIFOram|q_b[1]" File: E:/Main/JuniorII/NonExam/FPGA/DE2Extra/par/de2os/db/altsyncram_nio1.tdf Line: 70
        Warning (14320): Synthesized away node "jtag_uart_0:u_jtag_uart|jtag_uart_0_jtag_uart_0:jtag_uart_0|jtag_uart_0_jtag_uart_0_scfifo_r:the_jtag_uart_0_jtag_uart_0_scfifo_r|scfifo:rfifo|scfifo_jr21:auto_generated|a_dpfifo_l011:dpfifo|altsyncram_nio1:FIFOram|q_b[2]" File: E:/Main/JuniorII/NonExam/FPGA/DE2Extra/par/de2os/db/altsyncram_nio1.tdf Line: 100
        Warning (14320): Synthesized away node "jtag_uart_0:u_jtag_uart|jtag_uart_0_jtag_uart_0:jtag_uart_0|jtag_uart_0_jtag_uart_0_scfifo_r:the_jtag_uart_0_jtag_uart_0_scfifo_r|scfifo:rfifo|scfifo_jr21:auto_generated|a_dpfifo_l011:dpfifo|altsyncram_nio1:FIFOram|q_b[3]" File: E:/Main/JuniorII/NonExam/FPGA/DE2Extra/par/de2os/db/altsyncram_nio1.tdf Line: 130
        Warning (14320): Synthesized away node "jtag_uart_0:u_jtag_uart|jtag_uart_0_jtag_uart_0:jtag_uart_0|jtag_uart_0_jtag_uart_0_scfifo_r:the_jtag_uart_0_jtag_uart_0_scfifo_r|scfifo:rfifo|scfifo_jr21:auto_generated|a_dpfifo_l011:dpfifo|altsyncram_nio1:FIFOram|q_b[4]" File: E:/Main/JuniorII/NonExam/FPGA/DE2Extra/par/de2os/db/altsyncram_nio1.tdf Line: 160
        Warning (14320): Synthesized away node "jtag_uart_0:u_jtag_uart|jtag_uart_0_jtag_uart_0:jtag_uart_0|jtag_uart_0_jtag_uart_0_scfifo_r:the_jtag_uart_0_jtag_uart_0_scfifo_r|scfifo:rfifo|scfifo_jr21:auto_generated|a_dpfifo_l011:dpfifo|altsyncram_nio1:FIFOram|q_b[5]" File: E:/Main/JuniorII/NonExam/FPGA/DE2Extra/par/de2os/db/altsyncram_nio1.tdf Line: 190
        Warning (14320): Synthesized away node "jtag_uart_0:u_jtag_uart|jtag_uart_0_jtag_uart_0:jtag_uart_0|jtag_uart_0_jtag_uart_0_scfifo_r:the_jtag_uart_0_jtag_uart_0_scfifo_r|scfifo:rfifo|scfifo_jr21:auto_generated|a_dpfifo_l011:dpfifo|altsyncram_nio1:FIFOram|q_b[6]" File: E:/Main/JuniorII/NonExam/FPGA/DE2Extra/par/de2os/db/altsyncram_nio1.tdf Line: 220
        Warning (14320): Synthesized away node "jtag_uart_0:u_jtag_uart|jtag_uart_0_jtag_uart_0:jtag_uart_0|jtag_uart_0_jtag_uart_0_scfifo_r:the_jtag_uart_0_jtag_uart_0_scfifo_r|scfifo:rfifo|scfifo_jr21:auto_generated|a_dpfifo_l011:dpfifo|altsyncram_nio1:FIFOram|q_b[7]" File: E:/Main/JuniorII/NonExam/FPGA/DE2Extra/par/de2os/db/altsyncram_nio1.tdf Line: 250
Warning (14284): Synthesized away the following node(s):
    Warning (14285): Synthesized away the following PLL node(s):
        Warning (14320): Synthesized away node "clk_rst_gen:u_clk_rst|altpll_audio:u_audio_pll|altpll:u_pll|altpll_audio_altpll:auto_generated|wire_pll1_clk[0]" File: E:/Main/JuniorII/NonExam/FPGA/DE2Extra/par/de2os/db/altpll_audio_altpll.v Line: 81
Warning (19016): Clock multiplexers are found and protected
    Warning (19017): Found clock multiplexer expdemo_top:u_expdemo|adapt_exp11:u_e11|DDS:u_dds|dds_clk File: E:/Main/JuniorII/NonExam/FPGA/DE2Extra/src/rtl/exp/dds.vhd Line: 48
Warning (14284): Synthesized away the following node(s):
    Warning (14285): Synthesized away the following RAM node(s):
        Warning (14320): Synthesized away node "sdram_ctrl:u_sdram|async_fifo:u_fifo|dcfifo:u_dcfifo|dcfifo_mn02:auto_generated|altsyncram_vn41:fifo_ram|q_b[0]" File: E:/Main/JuniorII/NonExam/FPGA/DE2Extra/par/de2os/db/altsyncram_vn41.tdf Line: 41
        Warning (14320): Synthesized away node "sdram_ctrl:u_sdram|async_fifo:u_fifo|dcfifo:u_dcfifo|dcfifo_mn02:auto_generated|altsyncram_vn41:fifo_ram|q_b[1]" File: E:/Main/JuniorII/NonExam/FPGA/DE2Extra/par/de2os/db/altsyncram_vn41.tdf Line: 71
        Warning (14320): Synthesized away node "sdram_ctrl:u_sdram|async_fifo:u_fifo|dcfifo:u_dcfifo|dcfifo_mn02:auto_generated|altsyncram_vn41:fifo_ram|q_b[2]" File: E:/Main/JuniorII/NonExam/FPGA/DE2Extra/par/de2os/db/altsyncram_vn41.tdf Line: 101
        Warning (14320): Synthesized away node "sdram_ctrl:u_sdram|async_fifo:u_fifo|dcfifo:u_dcfifo|dcfifo_mn02:auto_generated|altsyncram_vn41:fifo_ram|q_b[3]" File: E:/Main/JuniorII/NonExam/FPGA/DE2Extra/par/de2os/db/altsyncram_vn41.tdf Line: 131
        Warning (14320): Synthesized away node "sdram_ctrl:u_sdram|async_fifo:u_fifo|dcfifo:u_dcfifo|dcfifo_mn02:auto_generated|altsyncram_vn41:fifo_ram|q_b[4]" File: E:/Main/JuniorII/NonExam/FPGA/DE2Extra/par/de2os/db/altsyncram_vn41.tdf Line: 161
        Warning (14320): Synthesized away node "sdram_ctrl:u_sdram|async_fifo:u_fifo|dcfifo:u_dcfifo|dcfifo_mn02:auto_generated|altsyncram_vn41:fifo_ram|q_b[5]" File: E:/Main/JuniorII/NonExam/FPGA/DE2Extra/par/de2os/db/altsyncram_vn41.tdf Line: 191
        Warning (14320): Synthesized away node "sdram_ctrl:u_sdram|async_fifo:u_fifo|dcfifo:u_dcfifo|dcfifo_mn02:auto_generated|altsyncram_vn41:fifo_ram|q_b[6]" File: E:/Main/JuniorII/NonExam/FPGA/DE2Extra/par/de2os/db/altsyncram_vn41.tdf Line: 221
        Warning (14320): Synthesized away node "sdram_ctrl:u_sdram|async_fifo:u_fifo|dcfifo:u_dcfifo|dcfifo_mn02:auto_generated|altsyncram_vn41:fifo_ram|q_b[7]" File: E:/Main/JuniorII/NonExam/FPGA/DE2Extra/par/de2os/db/altsyncram_vn41.tdf Line: 251
        Warning (14320): Synthesized away node "sdram_ctrl:u_sdram|async_fifo:u_fifo|dcfifo:u_dcfifo|dcfifo_mn02:auto_generated|altsyncram_vn41:fifo_ram|q_b[8]" File: E:/Main/JuniorII/NonExam/FPGA/DE2Extra/par/de2os/db/altsyncram_vn41.tdf Line: 281
        Warning (14320): Synthesized away node "sdram_ctrl:u_sdram|async_fifo:u_fifo|dcfifo:u_dcfifo|dcfifo_mn02:auto_generated|altsyncram_vn41:fifo_ram|q_b[9]" File: E:/Main/JuniorII/NonExam/FPGA/DE2Extra/par/de2os/db/altsyncram_vn41.tdf Line: 311
        Warning (14320): Synthesized away node "sdram_ctrl:u_sdram|async_fifo:u_fifo|dcfifo:u_dcfifo|dcfifo_mn02:auto_generated|altsyncram_vn41:fifo_ram|q_b[10]" File: E:/Main/JuniorII/NonExam/FPGA/DE2Extra/par/de2os/db/altsyncram_vn41.tdf Line: 341
        Warning (14320): Synthesized away node "sdram_ctrl:u_sdram|async_fifo:u_fifo|dcfifo:u_dcfifo|dcfifo_mn02:auto_generated|altsyncram_vn41:fifo_ram|q_b[11]" File: E:/Main/JuniorII/NonExam/FPGA/DE2Extra/par/de2os/db/altsyncram_vn41.tdf Line: 371
        Warning (14320): Synthesized away node "sdram_ctrl:u_sdram|async_fifo:u_fifo|dcfifo:u_dcfifo|dcfifo_mn02:auto_generated|altsyncram_vn41:fifo_ram|q_b[12]" File: E:/Main/JuniorII/NonExam/FPGA/DE2Extra/par/de2os/db/altsyncram_vn41.tdf Line: 401
        Warning (14320): Synthesized away node "sdram_ctrl:u_sdram|async_fifo:u_fifo|dcfifo:u_dcfifo|dcfifo_mn02:auto_generated|altsyncram_vn41:fifo_ram|q_b[13]" File: E:/Main/JuniorII/NonExam/FPGA/DE2Extra/par/de2os/db/altsyncram_vn41.tdf Line: 431
        Warning (14320): Synthesized away node "sdram_ctrl:u_sdram|async_fifo:u_fifo|dcfifo:u_dcfifo|dcfifo_mn02:auto_generated|altsyncram_vn41:fifo_ram|q_b[14]" File: E:/Main/JuniorII/NonExam/FPGA/DE2Extra/par/de2os/db/altsyncram_vn41.tdf Line: 461
        Warning (14320): Synthesized away node "sdram_ctrl:u_sdram|async_fifo:u_fifo|dcfifo:u_dcfifo|dcfifo_mn02:auto_generated|altsyncram_vn41:fifo_ram|q_b[15]" File: E:/Main/JuniorII/NonExam/FPGA/DE2Extra/par/de2os/db/altsyncram_vn41.tdf Line: 491
        Warning (14320): Synthesized away node "sdram_ctrl:u_sdram|async_fifo:u_fifo|dcfifo:u_dcfifo|dcfifo_mn02:auto_generated|altsyncram_vn41:fifo_ram|q_b[16]" File: E:/Main/JuniorII/NonExam/FPGA/DE2Extra/par/de2os/db/altsyncram_vn41.tdf Line: 521
        Warning (14320): Synthesized away node "sdram_ctrl:u_sdram|async_fifo:u_fifo|dcfifo:u_dcfifo|dcfifo_mn02:auto_generated|altsyncram_vn41:fifo_ram|q_b[17]" File: E:/Main/JuniorII/NonExam/FPGA/DE2Extra/par/de2os/db/altsyncram_vn41.tdf Line: 551
        Warning (14320): Synthesized away node "sdram_ctrl:u_sdram|async_fifo:u_fifo|dcfifo:u_dcfifo|dcfifo_mn02:auto_generated|altsyncram_vn41:fifo_ram|q_b[18]" File: E:/Main/JuniorII/NonExam/FPGA/DE2Extra/par/de2os/db/altsyncram_vn41.tdf Line: 581
        Warning (14320): Synthesized away node "sdram_ctrl:u_sdram|async_fifo:u_fifo|dcfifo:u_dcfifo|dcfifo_mn02:auto_generated|altsyncram_vn41:fifo_ram|q_b[19]" File: E:/Main/JuniorII/NonExam/FPGA/DE2Extra/par/de2os/db/altsyncram_vn41.tdf Line: 611
        Warning (14320): Synthesized away node "sdram_ctrl:u_sdram|async_fifo:u_fifo|dcfifo:u_dcfifo|dcfifo_mn02:auto_generated|altsyncram_vn41:fifo_ram|q_b[20]" File: E:/Main/JuniorII/NonExam/FPGA/DE2Extra/par/de2os/db/altsyncram_vn41.tdf Line: 641
        Warning (14320): Synthesized away node "sdram_ctrl:u_sdram|async_fifo:u_fifo|dcfifo:u_dcfifo|dcfifo_mn02:auto_generated|altsyncram_vn41:fifo_ram|q_b[21]" File: E:/Main/JuniorII/NonExam/FPGA/DE2Extra/par/de2os/db/altsyncram_vn41.tdf Line: 671
        Warning (14320): Synthesized away node "sdram_ctrl:u_sdram|async_fifo:u_fifo|dcfifo:u_dcfifo|dcfifo_mn02:auto_generated|altsyncram_vn41:fifo_ram|q_b[22]" File: E:/Main/JuniorII/NonExam/FPGA/DE2Extra/par/de2os/db/altsyncram_vn41.tdf Line: 701
        Warning (14320): Synthesized away node "sdram_ctrl:u_sdram|async_fifo:u_fifo|dcfifo:u_dcfifo|dcfifo_mn02:auto_generated|altsyncram_vn41:fifo_ram|q_b[23]" File: E:/Main/JuniorII/NonExam/FPGA/DE2Extra/par/de2os/db/altsyncram_vn41.tdf Line: 731
        Warning (14320): Synthesized away node "sdram_ctrl:u_sdram|async_fifo:u_fifo|dcfifo:u_dcfifo|dcfifo_mn02:auto_generated|altsyncram_vn41:fifo_ram|q_b[24]" File: E:/Main/JuniorII/NonExam/FPGA/DE2Extra/par/de2os/db/altsyncram_vn41.tdf Line: 761
        Warning (14320): Synthesized away node "sdram_ctrl:u_sdram|async_fifo:u_fifo|dcfifo:u_dcfifo|dcfifo_mn02:auto_generated|altsyncram_vn41:fifo_ram|q_b[25]" File: E:/Main/JuniorII/NonExam/FPGA/DE2Extra/par/de2os/db/altsyncram_vn41.tdf Line: 791
        Warning (14320): Synthesized away node "sdram_ctrl:u_sdram|async_fifo:u_fifo|dcfifo:u_dcfifo|dcfifo_mn02:auto_generated|altsyncram_vn41:fifo_ram|q_b[26]" File: E:/Main/JuniorII/NonExam/FPGA/DE2Extra/par/de2os/db/altsyncram_vn41.tdf Line: 821
        Warning (14320): Synthesized away node "sdram_ctrl:u_sdram|async_fifo:u_fifo|dcfifo:u_dcfifo|dcfifo_mn02:auto_generated|altsyncram_vn41:fifo_ram|q_b[27]" File: E:/Main/JuniorII/NonExam/FPGA/DE2Extra/par/de2os/db/altsyncram_vn41.tdf Line: 851
        Warning (14320): Synthesized away node "sdram_ctrl:u_sdram|async_fifo:u_fifo|dcfifo:u_dcfifo|dcfifo_mn02:auto_generated|altsyncram_vn41:fifo_ram|q_b[28]" File: E:/Main/JuniorII/NonExam/FPGA/DE2Extra/par/de2os/db/altsyncram_vn41.tdf Line: 881
        Warning (14320): Synthesized away node "sdram_ctrl:u_sdram|async_fifo:u_fifo|dcfifo:u_dcfifo|dcfifo_mn02:auto_generated|altsyncram_vn41:fifo_ram|q_b[29]" File: E:/Main/JuniorII/NonExam/FPGA/DE2Extra/par/de2os/db/altsyncram_vn41.tdf Line: 911
        Warning (14320): Synthesized away node "sdram_ctrl:u_sdram|async_fifo:u_fifo|dcfifo:u_dcfifo|dcfifo_mn02:auto_generated|altsyncram_vn41:fifo_ram|q_b[30]" File: E:/Main/JuniorII/NonExam/FPGA/DE2Extra/par/de2os/db/altsyncram_vn41.tdf Line: 941
        Warning (14320): Synthesized away node "sdram_ctrl:u_sdram|async_fifo:u_fifo|dcfifo:u_dcfifo|dcfifo_mn02:auto_generated|altsyncram_vn41:fifo_ram|q_b[31]" File: E:/Main/JuniorII/NonExam/FPGA/DE2Extra/par/de2os/db/altsyncram_vn41.tdf Line: 971
Warning (276027): Inferred dual-clock RAM node "expdemo_top:u_expdemo|adapt_exp4:u_e4|ram_top:u_ram|dpram:u_ram|RAMTMP_rtl_0" from synchronous design logic.  The read-during-write behavior of a dual-clock RAM is undefined and may not match the behavior of the original design.
Warning (276027): Inferred dual-clock RAM node "expdemo_top:u_expdemo|adapt_exp12:u_e12|simple_cpu:u_cpu|mem_rtl_0" from synchronous design logic.  The read-during-write behavior of a dual-clock RAM is undefined and may not match the behavior of the original design.
Warning (276027): Inferred dual-clock RAM node "neorv32_wrapper:u_cpu|neorv32_top:u_neorv32|neorv32_imem:\memory_system:neorv32_imem_enabled:neorv32_imem_inst|neorv32_imem_ram:\imem_ram:imem_ram_inst|neorv32_prim_spram:\ram_gen:0:ram_inst|spram_rtl_0" from synchronous design logic.  The read-during-write behavior of a dual-clock RAM is undefined and may not match the behavior of the original design.
Warning (276027): Inferred dual-clock RAM node "neorv32_wrapper:u_cpu|neorv32_top:u_neorv32|neorv32_dmem:\memory_system:neorv32_dmem_enabled:neorv32_dmem_inst|neorv32_dmem_ram:dmem_ram_inst|neorv32_prim_spram:\ram_gen:0:ram_inst|spram_rtl_0" from synchronous design logic.  The read-during-write behavior of a dual-clock RAM is undefined and may not match the behavior of the original design.
Warning (276027): Inferred dual-clock RAM node "neorv32_wrapper:u_cpu|neorv32_top:u_neorv32|neorv32_imem:\memory_system:neorv32_imem_enabled:neorv32_imem_inst|neorv32_imem_ram:\imem_ram:imem_ram_inst|neorv32_prim_spram:\ram_gen:1:ram_inst|spram_rtl_0" from synchronous design logic.  The read-during-write behavior of a dual-clock RAM is undefined and may not match the behavior of the original design.
Warning (276027): Inferred dual-clock RAM node "neorv32_wrapper:u_cpu|neorv32_top:u_neorv32|neorv32_dmem:\memory_system:neorv32_dmem_enabled:neorv32_dmem_inst|neorv32_dmem_ram:dmem_ram_inst|neorv32_prim_spram:\ram_gen:1:ram_inst|spram_rtl_0" from synchronous design logic.  The read-during-write behavior of a dual-clock RAM is undefined and may not match the behavior of the original design.
Warning (276027): Inferred dual-clock RAM node "neorv32_wrapper:u_cpu|neorv32_top:u_neorv32|neorv32_imem:\memory_system:neorv32_imem_enabled:neorv32_imem_inst|neorv32_imem_ram:\imem_ram:imem_ram_inst|neorv32_prim_spram:\ram_gen:2:ram_inst|spram_rtl_0" from synchronous design logic.  The read-during-write behavior of a dual-clock RAM is undefined and may not match the behavior of the original design.
Warning (276027): Inferred dual-clock RAM node "neorv32_wrapper:u_cpu|neorv32_top:u_neorv32|neorv32_dmem:\memory_system:neorv32_dmem_enabled:neorv32_dmem_inst|neorv32_dmem_ram:dmem_ram_inst|neorv32_prim_spram:\ram_gen:2:ram_inst|spram_rtl_0" from synchronous design logic.  The read-during-write behavior of a dual-clock RAM is undefined and may not match the behavior of the original design.
Warning (276027): Inferred dual-clock RAM node "neorv32_wrapper:u_cpu|neorv32_top:u_neorv32|neorv32_imem:\memory_system:neorv32_imem_enabled:neorv32_imem_inst|neorv32_imem_ram:\imem_ram:imem_ram_inst|neorv32_prim_spram:\ram_gen:3:ram_inst|spram_rtl_0" from synchronous design logic.  The read-during-write behavior of a dual-clock RAM is undefined and may not match the behavior of the original design.
Warning (276027): Inferred dual-clock RAM node "neorv32_wrapper:u_cpu|neorv32_top:u_neorv32|neorv32_dmem:\memory_system:neorv32_dmem_enabled:neorv32_dmem_inst|neorv32_dmem_ram:dmem_ram_inst|neorv32_prim_spram:\ram_gen:3:ram_inst|spram_rtl_0" from synchronous design logic.  The read-during-write behavior of a dual-clock RAM is undefined and may not match the behavior of the original design.
Warning (276020): Inferred RAM node "vga_text_terminal:u_vga|char_ram_rtl_1" from synchronous design logic.  Pass-through logic has been added to match the read-during-write behavior of the original design.
Info (276014): Found 3 instances of uninferred RAM logic
    Info (276004): RAM logic "neorv32_wrapper:u_cpu|neorv32_top:u_neorv32|neorv32_cpu:\core_complex_gen:0:neorv32_cpu_inst|neorv32_cpu_frontend:neorv32_cpu_frontend_inst|neorv32_cpu_frontend_ipb:\prefetch_buffer:0:ipb_inst|ipb" is uninferred due to inappropriate RAM size File: E:/Main/JuniorII/NonExam/FPGA/DE2Extra/neorv32/rtl/core/neorv32_cpu_frontend.vhd Line: 358
    Info (276004): RAM logic "neorv32_wrapper:u_cpu|neorv32_top:u_neorv32|neorv32_cpu:\core_complex_gen:0:neorv32_cpu_inst|neorv32_cpu_frontend:neorv32_cpu_frontend_inst|neorv32_cpu_frontend_ipb:\prefetch_buffer:1:ipb_inst|ipb" is uninferred due to inappropriate RAM size File: E:/Main/JuniorII/NonExam/FPGA/DE2Extra/neorv32/rtl/core/neorv32_cpu_frontend.vhd Line: 358
    Info (276004): RAM logic "neorv32_wrapper:u_cpu|neorv32_top:u_neorv32|neorv32_trng:\io_system:neorv32_trng_enabled:neorv32_trng_inst|neorv32_prim_fifo:rnd_fifo_inst|fifo" is uninferred due to inappropriate RAM size File: E:/Main/JuniorII/NonExam/FPGA/DE2Extra/neorv32/rtl/core/neorv32_prim.vhd Line: 50
Info (19000): Inferred 17 megafunctions from design logic
    Info (276029): Inferred altsyncram megafunction from the following design logic: "expdemo_top:u_expdemo|adapt_exp4:u_e4|ram_top:u_ram|dpram:u_ram|RAMTMP_rtl_0" 
        Info (286033): Parameter OPERATION_MODE set to DUAL_PORT
        Info (286033): Parameter WIDTH_A set to 8
        Info (286033): Parameter WIDTHAD_A set to 5
        Info (286033): Parameter NUMWORDS_A set to 32
        Info (286033): Parameter WIDTH_B set to 8
        Info (286033): Parameter WIDTHAD_B set to 5
        Info (286033): Parameter NUMWORDS_B set to 32
        Info (286033): Parameter ADDRESS_ACLR_A set to NONE
        Info (286033): Parameter OUTDATA_REG_B set to UNREGISTERED
        Info (286033): Parameter ADDRESS_ACLR_B set to NONE
        Info (286033): Parameter OUTDATA_ACLR_B set to NONE
        Info (286033): Parameter ADDRESS_REG_B set to CLOCK1
        Info (286033): Parameter INDATA_ACLR_A set to NONE
        Info (286033): Parameter WRCONTROL_ACLR_A set to NONE
    Info (276029): Inferred altsyncram megafunction from the following design logic: "neorv32_wrapper:u_cpu|neorv32_top:u_neorv32|neorv32_cpu:\core_complex_gen:0:neorv32_cpu_inst|neorv32_cpu_regfile:neorv32_cpu_regfile_inst|regfile_rtl_0" 
        Info (286033): Parameter OPERATION_MODE set to BIDIR_DUAL_PORT
        Info (286033): Parameter WIDTH_A set to 32
        Info (286033): Parameter WIDTH_B set to 32
        Info (286033): Parameter WIDTHAD_A set to 5
        Info (286033): Parameter WIDTHAD_B set to 5
        Info (286033): Parameter NUMWORDS_A set to 32
        Info (286033): Parameter NUMWORDS_B set to 32
        Info (286033): Parameter OUTDATA_REG_A set to UNREGISTERED
        Info (286033): Parameter OUTDATA_REG_B set to UNREGISTERED
        Info (286033): Parameter ADDRESS_REG_B set to CLOCK0
        Info (286033): Parameter INDATA_REG_B set to CLOCK0
        Info (286033): Parameter WRCONTROL_WRADDRESS_REG_B set to CLOCK0
        Info (286033): Parameter INDATA_ACLR_A set to NONE
        Info (286033): Parameter WRCONTROL_ACLR_A set to NONE
        Info (286033): Parameter ADDRESS_ACLR_A set to NONE
        Info (286033): Parameter ADDRESS_ACLR_B set to NONE
        Info (286033): Parameter OUTDATA_ACLR_B set to NONE
        Info (286033): Parameter READ_DURING_WRITE_MODE_PORT_A set to OLD_DATA
        Info (286033): Parameter READ_DURING_WRITE_MODE_MIXED_PORTS set to OLD_DATA
    Info (276029): Inferred altsyncram megafunction from the following design logic: "expdemo_top:u_expdemo|adapt_exp12:u_e12|simple_cpu:u_cpu|mem_rtl_0" 
        Info (286033): Parameter OPERATION_MODE set to DUAL_PORT
        Info (286033): Parameter WIDTH_A set to 16
        Info (286033): Parameter WIDTHAD_A set to 8
        Info (286033): Parameter NUMWORDS_A set to 256
        Info (286033): Parameter WIDTH_B set to 16
        Info (286033): Parameter WIDTHAD_B set to 8
        Info (286033): Parameter NUMWORDS_B set to 256
        Info (286033): Parameter ADDRESS_ACLR_A set to NONE
        Info (286033): Parameter OUTDATA_REG_B set to UNREGISTERED
        Info (286033): Parameter ADDRESS_ACLR_B set to NONE
        Info (286033): Parameter OUTDATA_ACLR_B set to NONE
        Info (286033): Parameter ADDRESS_REG_B set to CLOCK1
        Info (286033): Parameter INDATA_ACLR_A set to NONE
        Info (286033): Parameter WRCONTROL_ACLR_A set to NONE
        Info (286033): Parameter INIT_FILE set to db/de2os.ram0_simple_cpu_2d35e789.hdl.mif
    Info (276029): Inferred altsyncram megafunction from the following design logic: "neorv32_wrapper:u_cpu|neorv32_top:u_neorv32|neorv32_imem:\memory_system:neorv32_imem_enabled:neorv32_imem_inst|neorv32_imem_ram:\imem_ram:imem_ram_inst|neorv32_prim_spram:\ram_gen:0:ram_inst|spram_rtl_0" 
        Info (286033): Parameter OPERATION_MODE set to DUAL_PORT
        Info (286033): Parameter WIDTH_A set to 8
        Info (286033): Parameter WIDTHAD_A set to 12
        Info (286033): Parameter NUMWORDS_A set to 4096
        Info (286033): Parameter WIDTH_B set to 8
        Info (286033): Parameter WIDTHAD_B set to 12
        Info (286033): Parameter NUMWORDS_B set to 4096
        Info (286033): Parameter ADDRESS_ACLR_A set to NONE
        Info (286033): Parameter OUTDATA_REG_B set to UNREGISTERED
        Info (286033): Parameter ADDRESS_ACLR_B set to NONE
        Info (286033): Parameter OUTDATA_ACLR_B set to NONE
        Info (286033): Parameter ADDRESS_REG_B set to CLOCK1
        Info (286033): Parameter INDATA_ACLR_A set to NONE
        Info (286033): Parameter WRCONTROL_ACLR_A set to NONE
    Info (276029): Inferred altsyncram megafunction from the following design logic: "neorv32_wrapper:u_cpu|neorv32_top:u_neorv32|neorv32_dmem:\memory_system:neorv32_dmem_enabled:neorv32_dmem_inst|neorv32_dmem_ram:dmem_ram_inst|neorv32_prim_spram:\ram_gen:0:ram_inst|spram_rtl_0" 
        Info (286033): Parameter OPERATION_MODE set to DUAL_PORT
        Info (286033): Parameter WIDTH_A set to 8
        Info (286033): Parameter WIDTHAD_A set to 12
        Info (286033): Parameter NUMWORDS_A set to 4096
        Info (286033): Parameter WIDTH_B set to 8
        Info (286033): Parameter WIDTHAD_B set to 12
        Info (286033): Parameter NUMWORDS_B set to 4096
        Info (286033): Parameter ADDRESS_ACLR_A set to NONE
        Info (286033): Parameter OUTDATA_REG_B set to UNREGISTERED
        Info (286033): Parameter ADDRESS_ACLR_B set to NONE
        Info (286033): Parameter OUTDATA_ACLR_B set to NONE
        Info (286033): Parameter ADDRESS_REG_B set to CLOCK1
        Info (286033): Parameter INDATA_ACLR_A set to NONE
        Info (286033): Parameter WRCONTROL_ACLR_A set to NONE
    Info (276029): Inferred altsyncram megafunction from the following design logic: "neorv32_wrapper:u_cpu|neorv32_top:u_neorv32|neorv32_imem:\memory_system:neorv32_imem_enabled:neorv32_imem_inst|neorv32_imem_ram:\imem_ram:imem_ram_inst|neorv32_prim_spram:\ram_gen:1:ram_inst|spram_rtl_0" 
        Info (286033): Parameter OPERATION_MODE set to DUAL_PORT
        Info (286033): Parameter WIDTH_A set to 8
        Info (286033): Parameter WIDTHAD_A set to 12
        Info (286033): Parameter NUMWORDS_A set to 4096
        Info (286033): Parameter WIDTH_B set to 8
        Info (286033): Parameter WIDTHAD_B set to 12
        Info (286033): Parameter NUMWORDS_B set to 4096
        Info (286033): Parameter ADDRESS_ACLR_A set to NONE
        Info (286033): Parameter OUTDATA_REG_B set to UNREGISTERED
        Info (286033): Parameter ADDRESS_ACLR_B set to NONE
        Info (286033): Parameter OUTDATA_ACLR_B set to NONE
        Info (286033): Parameter ADDRESS_REG_B set to CLOCK1
        Info (286033): Parameter INDATA_ACLR_A set to NONE
        Info (286033): Parameter WRCONTROL_ACLR_A set to NONE
    Info (276029): Inferred altsyncram megafunction from the following design logic: "neorv32_wrapper:u_cpu|neorv32_top:u_neorv32|neorv32_dmem:\memory_system:neorv32_dmem_enabled:neorv32_dmem_inst|neorv32_dmem_ram:dmem_ram_inst|neorv32_prim_spram:\ram_gen:1:ram_inst|spram_rtl_0" 
        Info (286033): Parameter OPERATION_MODE set to DUAL_PORT
        Info (286033): Parameter WIDTH_A set to 8
        Info (286033): Parameter WIDTHAD_A set to 12
        Info (286033): Parameter NUMWORDS_A set to 4096
        Info (286033): Parameter WIDTH_B set to 8
        Info (286033): Parameter WIDTHAD_B set to 12
        Info (286033): Parameter NUMWORDS_B set to 4096
        Info (286033): Parameter ADDRESS_ACLR_A set to NONE
        Info (286033): Parameter OUTDATA_REG_B set to UNREGISTERED
        Info (286033): Parameter ADDRESS_ACLR_B set to NONE
        Info (286033): Parameter OUTDATA_ACLR_B set to NONE
        Info (286033): Parameter ADDRESS_REG_B set to CLOCK1
        Info (286033): Parameter INDATA_ACLR_A set to NONE
        Info (286033): Parameter WRCONTROL_ACLR_A set to NONE
    Info (276029): Inferred altsyncram megafunction from the following design logic: "neorv32_wrapper:u_cpu|neorv32_top:u_neorv32|neorv32_imem:\memory_system:neorv32_imem_enabled:neorv32_imem_inst|neorv32_imem_ram:\imem_ram:imem_ram_inst|neorv32_prim_spram:\ram_gen:2:ram_inst|spram_rtl_0" 
        Info (286033): Parameter OPERATION_MODE set to DUAL_PORT
        Info (286033): Parameter WIDTH_A set to 8
        Info (286033): Parameter WIDTHAD_A set to 12
        Info (286033): Parameter NUMWORDS_A set to 4096
        Info (286033): Parameter WIDTH_B set to 8
        Info (286033): Parameter WIDTHAD_B set to 12
        Info (286033): Parameter NUMWORDS_B set to 4096
        Info (286033): Parameter ADDRESS_ACLR_A set to NONE
        Info (286033): Parameter OUTDATA_REG_B set to UNREGISTERED
        Info (286033): Parameter ADDRESS_ACLR_B set to NONE
        Info (286033): Parameter OUTDATA_ACLR_B set to NONE
        Info (286033): Parameter ADDRESS_REG_B set to CLOCK1
        Info (286033): Parameter INDATA_ACLR_A set to NONE
        Info (286033): Parameter WRCONTROL_ACLR_A set to NONE
    Info (276029): Inferred altsyncram megafunction from the following design logic: "neorv32_wrapper:u_cpu|neorv32_top:u_neorv32|neorv32_dmem:\memory_system:neorv32_dmem_enabled:neorv32_dmem_inst|neorv32_dmem_ram:dmem_ram_inst|neorv32_prim_spram:\ram_gen:2:ram_inst|spram_rtl_0" 
        Info (286033): Parameter OPERATION_MODE set to DUAL_PORT
        Info (286033): Parameter WIDTH_A set to 8
        Info (286033): Parameter WIDTHAD_A set to 12
        Info (286033): Parameter NUMWORDS_A set to 4096
        Info (286033): Parameter WIDTH_B set to 8
        Info (286033): Parameter WIDTHAD_B set to 12
        Info (286033): Parameter NUMWORDS_B set to 4096
        Info (286033): Parameter ADDRESS_ACLR_A set to NONE
        Info (286033): Parameter OUTDATA_REG_B set to UNREGISTERED
        Info (286033): Parameter ADDRESS_ACLR_B set to NONE
        Info (286033): Parameter OUTDATA_ACLR_B set to NONE
        Info (286033): Parameter ADDRESS_REG_B set to CLOCK1
        Info (286033): Parameter INDATA_ACLR_A set to NONE
        Info (286033): Parameter WRCONTROL_ACLR_A set to NONE
    Info (276029): Inferred altsyncram megafunction from the following design logic: "neorv32_wrapper:u_cpu|neorv32_top:u_neorv32|neorv32_imem:\memory_system:neorv32_imem_enabled:neorv32_imem_inst|neorv32_imem_ram:\imem_ram:imem_ram_inst|neorv32_prim_spram:\ram_gen:3:ram_inst|spram_rtl_0" 
        Info (286033): Parameter OPERATION_MODE set to DUAL_PORT
        Info (286033): Parameter WIDTH_A set to 8
        Info (286033): Parameter WIDTHAD_A set to 12
        Info (286033): Parameter NUMWORDS_A set to 4096
        Info (286033): Parameter WIDTH_B set to 8
        Info (286033): Parameter WIDTHAD_B set to 12
        Info (286033): Parameter NUMWORDS_B set to 4096
        Info (286033): Parameter ADDRESS_ACLR_A set to NONE
        Info (286033): Parameter OUTDATA_REG_B set to UNREGISTERED
        Info (286033): Parameter ADDRESS_ACLR_B set to NONE
        Info (286033): Parameter OUTDATA_ACLR_B set to NONE
        Info (286033): Parameter ADDRESS_REG_B set to CLOCK1
        Info (286033): Parameter INDATA_ACLR_A set to NONE
        Info (286033): Parameter WRCONTROL_ACLR_A set to NONE
    Info (276029): Inferred altsyncram megafunction from the following design logic: "neorv32_wrapper:u_cpu|neorv32_top:u_neorv32|neorv32_dmem:\memory_system:neorv32_dmem_enabled:neorv32_dmem_inst|neorv32_dmem_ram:dmem_ram_inst|neorv32_prim_spram:\ram_gen:3:ram_inst|spram_rtl_0" 
        Info (286033): Parameter OPERATION_MODE set to DUAL_PORT
        Info (286033): Parameter WIDTH_A set to 8
        Info (286033): Parameter WIDTHAD_A set to 12
        Info (286033): Parameter NUMWORDS_A set to 4096
        Info (286033): Parameter WIDTH_B set to 8
        Info (286033): Parameter WIDTHAD_B set to 12
        Info (286033): Parameter NUMWORDS_B set to 4096
        Info (286033): Parameter ADDRESS_ACLR_A set to NONE
        Info (286033): Parameter OUTDATA_REG_B set to UNREGISTERED
        Info (286033): Parameter ADDRESS_ACLR_B set to NONE
        Info (286033): Parameter OUTDATA_ACLR_B set to NONE
        Info (286033): Parameter ADDRESS_REG_B set to CLOCK1
        Info (286033): Parameter INDATA_ACLR_A set to NONE
        Info (286033): Parameter WRCONTROL_ACLR_A set to NONE
    Info (276029): Inferred altsyncram megafunction from the following design logic: "vga_text_terminal:u_vga|char_ram_rtl_0" 
        Info (286033): Parameter OPERATION_MODE set to DUAL_PORT
        Info (286033): Parameter WIDTH_A set to 32
        Info (286033): Parameter WIDTHAD_A set to 12
        Info (286033): Parameter NUMWORDS_A set to 4096
        Info (286033): Parameter WIDTH_B set to 32
        Info (286033): Parameter WIDTHAD_B set to 12
        Info (286033): Parameter NUMWORDS_B set to 4096
        Info (286033): Parameter ADDRESS_ACLR_A set to NONE
        Info (286033): Parameter OUTDATA_REG_B set to UNREGISTERED
        Info (286033): Parameter ADDRESS_ACLR_B set to NONE
        Info (286033): Parameter OUTDATA_ACLR_B set to NONE
        Info (286033): Parameter ADDRESS_REG_B set to CLOCK1
        Info (286033): Parameter INDATA_ACLR_A set to NONE
        Info (286033): Parameter WRCONTROL_ACLR_A set to NONE
        Info (286033): Parameter RAM_BLOCK_TYPE set to M9K
        Info (286033): Parameter INIT_FILE set to db/de2os.ram0_vga_text_terminal_c76d6ce0.hdl.mif
    Info (276029): Inferred altsyncram megafunction from the following design logic: "vga_text_terminal:u_vga|char_ram_rtl_1" 
        Info (286033): Parameter OPERATION_MODE set to DUAL_PORT
        Info (286033): Parameter WIDTH_A set to 32
        Info (286033): Parameter WIDTHAD_A set to 12
        Info (286033): Parameter NUMWORDS_A set to 4096
        Info (286033): Parameter WIDTH_B set to 32
        Info (286033): Parameter WIDTHAD_B set to 12
        Info (286033): Parameter NUMWORDS_B set to 4096
        Info (286033): Parameter ADDRESS_ACLR_A set to NONE
        Info (286033): Parameter OUTDATA_REG_B set to UNREGISTERED
        Info (286033): Parameter ADDRESS_ACLR_B set to NONE
        Info (286033): Parameter OUTDATA_ACLR_B set to NONE
        Info (286033): Parameter ADDRESS_REG_B set to CLOCK0
        Info (286033): Parameter INDATA_ACLR_A set to NONE
        Info (286033): Parameter WRCONTROL_ACLR_A set to NONE
        Info (286033): Parameter RAM_BLOCK_TYPE set to M9K
        Info (286033): Parameter INIT_FILE set to db/de2os.ram0_vga_text_terminal_c76d6ce0.hdl.mif
        Info (286033): Parameter READ_DURING_WRITE_MODE_MIXED_PORTS set to OLD_DATA
    Info (276029): Inferred altsyncram megafunction from the following design logic: "neorv32_wrapper:u_cpu|neorv32_top:u_neorv32|neorv32_uart:\io_system:neorv32_uart0_enabled:neorv32_uart0_inst|neorv32_prim_fifo:tx_fifo_inst|fifo_rtl_0" 
        Info (286033): Parameter OPERATION_MODE set to DUAL_PORT
        Info (286033): Parameter WIDTH_A set to 8
        Info (286033): Parameter WIDTHAD_A set to 5
        Info (286033): Parameter NUMWORDS_A set to 32
        Info (286033): Parameter WIDTH_B set to 8
        Info (286033): Parameter WIDTHAD_B set to 5
        Info (286033): Parameter NUMWORDS_B set to 32
        Info (286033): Parameter ADDRESS_ACLR_A set to NONE
        Info (286033): Parameter OUTDATA_REG_B set to UNREGISTERED
        Info (286033): Parameter ADDRESS_ACLR_B set to NONE
        Info (286033): Parameter OUTDATA_ACLR_B set to NONE
        Info (286033): Parameter ADDRESS_REG_B set to CLOCK0
        Info (286033): Parameter INDATA_ACLR_A set to NONE
        Info (286033): Parameter WRCONTROL_ACLR_A set to NONE
        Info (286033): Parameter READ_DURING_WRITE_MODE_MIXED_PORTS set to OLD_DATA
    Info (276029): Inferred altsyncram megafunction from the following design logic: "neorv32_wrapper:u_cpu|neorv32_top:u_neorv32|neorv32_uart:\io_system:neorv32_uart0_enabled:neorv32_uart0_inst|neorv32_prim_fifo:rx_fifo_inst|fifo_rtl_0" 
        Info (286033): Parameter OPERATION_MODE set to DUAL_PORT
        Info (286033): Parameter WIDTH_A set to 8
        Info (286033): Parameter WIDTHAD_A set to 5
        Info (286033): Parameter NUMWORDS_A set to 32
        Info (286033): Parameter WIDTH_B set to 8
        Info (286033): Parameter WIDTHAD_B set to 5
        Info (286033): Parameter NUMWORDS_B set to 32
        Info (286033): Parameter ADDRESS_ACLR_A set to NONE
        Info (286033): Parameter OUTDATA_REG_B set to UNREGISTERED
        Info (286033): Parameter ADDRESS_ACLR_B set to NONE
        Info (286033): Parameter OUTDATA_ACLR_B set to NONE
        Info (286033): Parameter ADDRESS_REG_B set to CLOCK0
        Info (286033): Parameter INDATA_ACLR_A set to NONE
        Info (286033): Parameter WRCONTROL_ACLR_A set to NONE
        Info (286033): Parameter READ_DURING_WRITE_MODE_MIXED_PORTS set to OLD_DATA
    Info (276031): Inferred altsyncram megafunction from the following design logic: "neorv32_wrapper:u_cpu|neorv32_top:u_neorv32|neorv32_bootrom:\io_system:neorv32_bootrom_enabled:neorv32_boot_rom_inst|neorv32_bootrom_rom:bootrom_rom_inst|Mux26_rtl_0"
        Info (286033): Parameter OPERATION_MODE set to ROM
        Info (286033): Parameter WIDTH_A set to 32
        Info (286033): Parameter WIDTHAD_A set to 11
        Info (286033): Parameter NUMWORDS_A set to 2048
        Info (286033): Parameter OUTDATA_REG_A set to UNREGISTERED
        Info (286033): Parameter RAM_BLOCK_TYPE set to AUTO
        Info (286033): Parameter INIT_FILE set to de2os.de2os_top0.rtl.mif
    Info (276031): Inferred altsyncram megafunction from the following design logic: "neorv32_wrapper:u_cpu|neorv32_top:u_neorv32|neorv32_cpu:\core_complex_gen:0:neorv32_cpu_inst|neorv32_cpu_alu:neorv32_cpu_alu_inst|neorv32_cpu_alu_crypto:\neorv32_cpu_alu_crypto_enabled:neorv32_cpu_alu_crypto_inst|Mux104_rtl_0"
        Info (286033): Parameter OPERATION_MODE set to ROM
        Info (286033): Parameter WIDTH_A set to 16
        Info (286033): Parameter WIDTHAD_A set to 9
        Info (286033): Parameter NUMWORDS_A set to 512
        Info (286033): Parameter OUTDATA_REG_A set to UNREGISTERED
        Info (286033): Parameter RAM_BLOCK_TYPE set to AUTO
        Info (286033): Parameter INIT_FILE set to de2os.de2os_top1.rtl.mif
Info (278001): Inferred 7 megafunctions from design logic
    Info (278004): Inferred divider/modulo megafunction ("lpm_divide") from the following logic: "expdemo_top:u_expdemo|adapt_exp10:u_e10|Mod0" File: E:/Main/JuniorII/NonExam/FPGA/DE2Extra/src/rtl/exp/adapt_exp10.vhd Line: 89
    Info (278004): Inferred divider/modulo megafunction ("lpm_divide") from the following logic: "expdemo_top:u_expdemo|adapt_exp10:u_e10|Div0" File: E:/Main/JuniorII/NonExam/FPGA/DE2Extra/src/rtl/exp/adapt_exp10.vhd Line: 90
    Info (278003): Inferred multiplier megafunction ("lpm_mult") from the following logic: "neorv32_wrapper:u_cpu|neorv32_top:u_neorv32|neorv32_cpu:\core_complex_gen:0:neorv32_cpu_inst|neorv32_cpu_alu:neorv32_cpu_alu_inst|neorv32_cpu_alu_muldiv:\neorv32_cpu_alu_muldiv_enabled:neorv32_cpu_alu_muldiv_inst|neorv32_prim_mul:\multiplier_core_parallel:multiplier_inst|Mult0" File: E:/Main/JuniorII/NonExam/FPGA/DE2Extra/neorv32/rtl/core/neorv32_prim.vhd Line: 304
    Info (278004): Inferred divider/modulo megafunction ("lpm_divide") from the following logic: "vga_pixel_ctrl:u_vga_px|Div0" File: E:/Main/JuniorII/NonExam/FPGA/DE2Extra/src/rtl/periph/vga_pixel_ctrl.vhd Line: 240
    Info (278004): Inferred divider/modulo megafunction ("lpm_divide") from the following logic: "conway_engine:u_conway|Mod1" File: E:/Main/JuniorII/NonExam/FPGA/DE2Extra/src/rtl/periph/conway_engine.vhd Line: 261
    Info (278004): Inferred divider/modulo megafunction ("lpm_divide") from the following logic: "conway_engine:u_conway|Mod2" File: E:/Main/JuniorII/NonExam/FPGA/DE2Extra/src/rtl/periph/conway_engine.vhd Line: 261
    Info (278004): Inferred divider/modulo megafunction ("lpm_divide") from the following logic: "conway_engine:u_conway|Mod0" File: E:/Main/JuniorII/NonExam/FPGA/DE2Extra/src/rtl/periph/conway_engine.vhd Line: 261
Info (12130): Elaborated megafunction instantiation "expdemo_top:u_expdemo|adapt_exp4:u_e4|ram_top:u_ram|dpram:u_ram|altsyncram:RAMTMP_rtl_0"
Info (12133): Instantiated megafunction "expdemo_top:u_expdemo|adapt_exp4:u_e4|ram_top:u_ram|dpram:u_ram|altsyncram:RAMTMP_rtl_0" with the following parameter:
    Info (12134): Parameter "OPERATION_MODE" = "DUAL_PORT"
    Info (12134): Parameter "WIDTH_A" = "8"
    Info (12134): Parameter "WIDTHAD_A" = "5"
    Info (12134): Parameter "NUMWORDS_A" = "32"
    Info (12134): Parameter "WIDTH_B" = "8"
    Info (12134): Parameter "WIDTHAD_B" = "5"
    Info (12134): Parameter "NUMWORDS_B" = "32"
    Info (12134): Parameter "ADDRESS_ACLR_A" = "NONE"
    Info (12134): Parameter "OUTDATA_REG_B" = "UNREGISTERED"
    Info (12134): Parameter "ADDRESS_ACLR_B" = "NONE"
    Info (12134): Parameter "OUTDATA_ACLR_B" = "NONE"
    Info (12134): Parameter "ADDRESS_REG_B" = "CLOCK1"
    Info (12134): Parameter "INDATA_ACLR_A" = "NONE"
    Info (12134): Parameter "WRCONTROL_ACLR_A" = "NONE"
Info (12021): Found 1 design units, including 1 entities, in source file db/altsyncram_amd1.tdf
    Info (12023): Found entity 1: altsyncram_amd1 File: E:/Main/JuniorII/NonExam/FPGA/DE2Extra/par/de2os/db/altsyncram_amd1.tdf Line: 28
Info (12130): Elaborated megafunction instantiation "neorv32_wrapper:u_cpu|neorv32_top:u_neorv32|neorv32_cpu:\core_complex_gen:0:neorv32_cpu_inst|neorv32_cpu_regfile:neorv32_cpu_regfile_inst|altsyncram:regfile_rtl_0"
Info (12133): Instantiated megafunction "neorv32_wrapper:u_cpu|neorv32_top:u_neorv32|neorv32_cpu:\core_complex_gen:0:neorv32_cpu_inst|neorv32_cpu_regfile:neorv32_cpu_regfile_inst|altsyncram:regfile_rtl_0" with the following parameter:
    Info (12134): Parameter "OPERATION_MODE" = "BIDIR_DUAL_PORT"
    Info (12134): Parameter "WIDTH_A" = "32"
    Info (12134): Parameter "WIDTH_B" = "32"
    Info (12134): Parameter "WIDTHAD_A" = "5"
    Info (12134): Parameter "WIDTHAD_B" = "5"
    Info (12134): Parameter "NUMWORDS_A" = "32"
    Info (12134): Parameter "NUMWORDS_B" = "32"
    Info (12134): Parameter "OUTDATA_REG_A" = "UNREGISTERED"
    Info (12134): Parameter "OUTDATA_REG_B" = "UNREGISTERED"
    Info (12134): Parameter "ADDRESS_REG_B" = "CLOCK0"
    Info (12134): Parameter "INDATA_REG_B" = "CLOCK0"
    Info (12134): Parameter "WRCONTROL_WRADDRESS_REG_B" = "CLOCK0"
    Info (12134): Parameter "INDATA_ACLR_A" = "NONE"
    Info (12134): Parameter "WRCONTROL_ACLR_A" = "NONE"
    Info (12134): Parameter "ADDRESS_ACLR_A" = "NONE"
    Info (12134): Parameter "ADDRESS_ACLR_B" = "NONE"
    Info (12134): Parameter "OUTDATA_ACLR_B" = "NONE"
    Info (12134): Parameter "READ_DURING_WRITE_MODE_PORT_A" = "OLD_DATA"
    Info (12134): Parameter "READ_DURING_WRITE_MODE_MIXED_PORTS" = "OLD_DATA"
Info (12021): Found 1 design units, including 1 entities, in source file db/altsyncram_icu1.tdf
    Info (12023): Found entity 1: altsyncram_icu1 File: E:/Main/JuniorII/NonExam/FPGA/DE2Extra/par/de2os/db/altsyncram_icu1.tdf Line: 28
Info (12130): Elaborated megafunction instantiation "expdemo_top:u_expdemo|adapt_exp12:u_e12|simple_cpu:u_cpu|altsyncram:mem_rtl_0"
Info (12133): Instantiated megafunction "expdemo_top:u_expdemo|adapt_exp12:u_e12|simple_cpu:u_cpu|altsyncram:mem_rtl_0" with the following parameter:
    Info (12134): Parameter "OPERATION_MODE" = "DUAL_PORT"
    Info (12134): Parameter "WIDTH_A" = "16"
    Info (12134): Parameter "WIDTHAD_A" = "8"
    Info (12134): Parameter "NUMWORDS_A" = "256"
    Info (12134): Parameter "WIDTH_B" = "16"
    Info (12134): Parameter "WIDTHAD_B" = "8"
    Info (12134): Parameter "NUMWORDS_B" = "256"
    Info (12134): Parameter "ADDRESS_ACLR_A" = "NONE"
    Info (12134): Parameter "OUTDATA_REG_B" = "UNREGISTERED"
    Info (12134): Parameter "ADDRESS_ACLR_B" = "NONE"
    Info (12134): Parameter "OUTDATA_ACLR_B" = "NONE"
    Info (12134): Parameter "ADDRESS_REG_B" = "CLOCK1"
    Info (12134): Parameter "INDATA_ACLR_A" = "NONE"
    Info (12134): Parameter "WRCONTROL_ACLR_A" = "NONE"
    Info (12134): Parameter "INIT_FILE" = "db/de2os.ram0_simple_cpu_2d35e789.hdl.mif"
Info (12021): Found 1 design units, including 1 entities, in source file db/altsyncram_chi1.tdf
    Info (12023): Found entity 1: altsyncram_chi1 File: E:/Main/JuniorII/NonExam/FPGA/DE2Extra/par/de2os/db/altsyncram_chi1.tdf Line: 28
Info (12130): Elaborated megafunction instantiation "neorv32_wrapper:u_cpu|neorv32_top:u_neorv32|neorv32_imem:\memory_system:neorv32_imem_enabled:neorv32_imem_inst|neorv32_imem_ram:\imem_ram:imem_ram_inst|neorv32_prim_spram:\ram_gen:0:ram_inst|altsyncram:spram_rtl_0"
Info (12133): Instantiated megafunction "neorv32_wrapper:u_cpu|neorv32_top:u_neorv32|neorv32_imem:\memory_system:neorv32_imem_enabled:neorv32_imem_inst|neorv32_imem_ram:\imem_ram:imem_ram_inst|neorv32_prim_spram:\ram_gen:0:ram_inst|altsyncram:spram_rtl_0" with the following parameter:
    Info (12134): Parameter "OPERATION_MODE" = "DUAL_PORT"
    Info (12134): Parameter "WIDTH_A" = "8"
    Info (12134): Parameter "WIDTHAD_A" = "12"
    Info (12134): Parameter "NUMWORDS_A" = "4096"
    Info (12134): Parameter "WIDTH_B" = "8"
    Info (12134): Parameter "WIDTHAD_B" = "12"
    Info (12134): Parameter "NUMWORDS_B" = "4096"
    Info (12134): Parameter "ADDRESS_ACLR_A" = "NONE"
    Info (12134): Parameter "OUTDATA_REG_B" = "UNREGISTERED"
    Info (12134): Parameter "ADDRESS_ACLR_B" = "NONE"
    Info (12134): Parameter "OUTDATA_ACLR_B" = "NONE"
    Info (12134): Parameter "ADDRESS_REG_B" = "CLOCK1"
    Info (12134): Parameter "INDATA_ACLR_A" = "NONE"
    Info (12134): Parameter "WRCONTROL_ACLR_A" = "NONE"
Info (12021): Found 1 design units, including 1 entities, in source file db/altsyncram_20e1.tdf
    Info (12023): Found entity 1: altsyncram_20e1 File: E:/Main/JuniorII/NonExam/FPGA/DE2Extra/par/de2os/db/altsyncram_20e1.tdf Line: 28
Info (12130): Elaborated megafunction instantiation "vga_text_terminal:u_vga|altsyncram:char_ram_rtl_0"
Info (12133): Instantiated megafunction "vga_text_terminal:u_vga|altsyncram:char_ram_rtl_0" with the following parameter:
    Info (12134): Parameter "OPERATION_MODE" = "DUAL_PORT"
    Info (12134): Parameter "WIDTH_A" = "32"
    Info (12134): Parameter "WIDTHAD_A" = "12"
    Info (12134): Parameter "NUMWORDS_A" = "4096"
    Info (12134): Parameter "WIDTH_B" = "32"
    Info (12134): Parameter "WIDTHAD_B" = "12"
    Info (12134): Parameter "NUMWORDS_B" = "4096"
    Info (12134): Parameter "ADDRESS_ACLR_A" = "NONE"
    Info (12134): Parameter "OUTDATA_REG_B" = "UNREGISTERED"
    Info (12134): Parameter "ADDRESS_ACLR_B" = "NONE"
    Info (12134): Parameter "OUTDATA_ACLR_B" = "NONE"
    Info (12134): Parameter "ADDRESS_REG_B" = "CLOCK1"
    Info (12134): Parameter "INDATA_ACLR_A" = "NONE"
    Info (12134): Parameter "WRCONTROL_ACLR_A" = "NONE"
    Info (12134): Parameter "RAM_BLOCK_TYPE" = "M9K"
    Info (12134): Parameter "INIT_FILE" = "db/de2os.ram0_vga_text_terminal_c76d6ce0.hdl.mif"
Info (12021): Found 1 design units, including 1 entities, in source file db/altsyncram_qjk1.tdf
    Info (12023): Found entity 1: altsyncram_qjk1 File: E:/Main/JuniorII/NonExam/FPGA/DE2Extra/par/de2os/db/altsyncram_qjk1.tdf Line: 28
Info (12130): Elaborated megafunction instantiation "vga_text_terminal:u_vga|altsyncram:char_ram_rtl_1"
Info (12133): Instantiated megafunction "vga_text_terminal:u_vga|altsyncram:char_ram_rtl_1" with the following parameter:
    Info (12134): Parameter "OPERATION_MODE" = "DUAL_PORT"
    Info (12134): Parameter "WIDTH_A" = "32"
    Info (12134): Parameter "WIDTHAD_A" = "12"
    Info (12134): Parameter "NUMWORDS_A" = "4096"
    Info (12134): Parameter "WIDTH_B" = "32"
    Info (12134): Parameter "WIDTHAD_B" = "12"
    Info (12134): Parameter "NUMWORDS_B" = "4096"
    Info (12134): Parameter "ADDRESS_ACLR_A" = "NONE"
    Info (12134): Parameter "OUTDATA_REG_B" = "UNREGISTERED"
    Info (12134): Parameter "ADDRESS_ACLR_B" = "NONE"
    Info (12134): Parameter "OUTDATA_ACLR_B" = "NONE"
    Info (12134): Parameter "ADDRESS_REG_B" = "CLOCK0"
    Info (12134): Parameter "INDATA_ACLR_A" = "NONE"
    Info (12134): Parameter "WRCONTROL_ACLR_A" = "NONE"
    Info (12134): Parameter "RAM_BLOCK_TYPE" = "M9K"
    Info (12134): Parameter "INIT_FILE" = "db/de2os.ram0_vga_text_terminal_c76d6ce0.hdl.mif"
    Info (12134): Parameter "READ_DURING_WRITE_MODE_MIXED_PORTS" = "OLD_DATA"
Info (12021): Found 1 design units, including 1 entities, in source file db/altsyncram_rvp1.tdf
    Info (12023): Found entity 1: altsyncram_rvp1 File: E:/Main/JuniorII/NonExam/FPGA/DE2Extra/par/de2os/db/altsyncram_rvp1.tdf Line: 28
Info (12130): Elaborated megafunction instantiation "neorv32_wrapper:u_cpu|neorv32_top:u_neorv32|neorv32_uart:\io_system:neorv32_uart0_enabled:neorv32_uart0_inst|neorv32_prim_fifo:tx_fifo_inst|altsyncram:fifo_rtl_0"
Info (12133): Instantiated megafunction "neorv32_wrapper:u_cpu|neorv32_top:u_neorv32|neorv32_uart:\io_system:neorv32_uart0_enabled:neorv32_uart0_inst|neorv32_prim_fifo:tx_fifo_inst|altsyncram:fifo_rtl_0" with the following parameter:
    Info (12134): Parameter "OPERATION_MODE" = "DUAL_PORT"
    Info (12134): Parameter "WIDTH_A" = "8"
    Info (12134): Parameter "WIDTHAD_A" = "5"
    Info (12134): Parameter "NUMWORDS_A" = "32"
    Info (12134): Parameter "WIDTH_B" = "8"
    Info (12134): Parameter "WIDTHAD_B" = "5"
    Info (12134): Parameter "NUMWORDS_B" = "32"
    Info (12134): Parameter "ADDRESS_ACLR_A" = "NONE"
    Info (12134): Parameter "OUTDATA_REG_B" = "UNREGISTERED"
    Info (12134): Parameter "ADDRESS_ACLR_B" = "NONE"
    Info (12134): Parameter "OUTDATA_ACLR_B" = "NONE"
    Info (12134): Parameter "ADDRESS_REG_B" = "CLOCK0"
    Info (12134): Parameter "INDATA_ACLR_A" = "NONE"
    Info (12134): Parameter "WRCONTROL_ACLR_A" = "NONE"
    Info (12134): Parameter "READ_DURING_WRITE_MODE_MIXED_PORTS" = "OLD_DATA"
Info (12021): Found 1 design units, including 1 entities, in source file db/altsyncram_kpg1.tdf
    Info (12023): Found entity 1: altsyncram_kpg1 File: E:/Main/JuniorII/NonExam/FPGA/DE2Extra/par/de2os/db/altsyncram_kpg1.tdf Line: 28
Info (12130): Elaborated megafunction instantiation "neorv32_wrapper:u_cpu|neorv32_top:u_neorv32|neorv32_bootrom:\io_system:neorv32_bootrom_enabled:neorv32_boot_rom_inst|neorv32_bootrom_rom:bootrom_rom_inst|altsyncram:Mux26_rtl_0"
Info (12133): Instantiated megafunction "neorv32_wrapper:u_cpu|neorv32_top:u_neorv32|neorv32_bootrom:\io_system:neorv32_bootrom_enabled:neorv32_boot_rom_inst|neorv32_bootrom_rom:bootrom_rom_inst|altsyncram:Mux26_rtl_0" with the following parameter:
    Info (12134): Parameter "OPERATION_MODE" = "ROM"
    Info (12134): Parameter "WIDTH_A" = "32"
    Info (12134): Parameter "WIDTHAD_A" = "11"
    Info (12134): Parameter "NUMWORDS_A" = "2048"
    Info (12134): Parameter "OUTDATA_REG_A" = "UNREGISTERED"
    Info (12134): Parameter "RAM_BLOCK_TYPE" = "AUTO"
    Info (12134): Parameter "INIT_FILE" = "de2os.de2os_top0.rtl.mif"
Info (12021): Found 1 design units, including 1 entities, in source file db/altsyncram_qd01.tdf
    Info (12023): Found entity 1: altsyncram_qd01 File: E:/Main/JuniorII/NonExam/FPGA/DE2Extra/par/de2os/db/altsyncram_qd01.tdf Line: 28
Info (12130): Elaborated megafunction instantiation "neorv32_wrapper:u_cpu|neorv32_top:u_neorv32|neorv32_cpu:\core_complex_gen:0:neorv32_cpu_inst|neorv32_cpu_alu:neorv32_cpu_alu_inst|neorv32_cpu_alu_crypto:\neorv32_cpu_alu_crypto_enabled:neorv32_cpu_alu_crypto_inst|altsyncram:Mux104_rtl_0"
Info (12133): Instantiated megafunction "neorv32_wrapper:u_cpu|neorv32_top:u_neorv32|neorv32_cpu:\core_complex_gen:0:neorv32_cpu_inst|neorv32_cpu_alu:neorv32_cpu_alu_inst|neorv32_cpu_alu_crypto:\neorv32_cpu_alu_crypto_enabled:neorv32_cpu_alu_crypto_inst|altsyncram:Mux104_rtl_0" with the following parameter:
    Info (12134): Parameter "OPERATION_MODE" = "ROM"
    Info (12134): Parameter "WIDTH_A" = "16"
    Info (12134): Parameter "WIDTHAD_A" = "9"
    Info (12134): Parameter "NUMWORDS_A" = "512"
    Info (12134): Parameter "OUTDATA_REG_A" = "UNREGISTERED"
    Info (12134): Parameter "RAM_BLOCK_TYPE" = "AUTO"
    Info (12134): Parameter "INIT_FILE" = "de2os.de2os_top1.rtl.mif"
Info (12021): Found 1 design units, including 1 entities, in source file db/altsyncram_fhv.tdf
    Info (12023): Found entity 1: altsyncram_fhv File: E:/Main/JuniorII/NonExam/FPGA/DE2Extra/par/de2os/db/altsyncram_fhv.tdf Line: 28
Info (12130): Elaborated megafunction instantiation "expdemo_top:u_expdemo|adapt_exp10:u_e10|lpm_divide:Mod0" File: E:/Main/JuniorII/NonExam/FPGA/DE2Extra/src/rtl/exp/adapt_exp10.vhd Line: 89
Info (12133): Instantiated megafunction "expdemo_top:u_expdemo|adapt_exp10:u_e10|lpm_divide:Mod0" with the following parameter: File: E:/Main/JuniorII/NonExam/FPGA/DE2Extra/src/rtl/exp/adapt_exp10.vhd Line: 89
    Info (12134): Parameter "LPM_WIDTHN" = "7"
    Info (12134): Parameter "LPM_WIDTHD" = "7"
    Info (12134): Parameter "LPM_NREPRESENTATION" = "UNSIGNED"
    Info (12134): Parameter "LPM_DREPRESENTATION" = "UNSIGNED"
Info (12021): Found 1 design units, including 1 entities, in source file db/lpm_divide_o9m.tdf
    Info (12023): Found entity 1: lpm_divide_o9m File: E:/Main/JuniorII/NonExam/FPGA/DE2Extra/par/de2os/db/lpm_divide_o9m.tdf Line: 25
Info (12021): Found 1 design units, including 1 entities, in source file db/sign_div_unsign_dkh.tdf
    Info (12023): Found entity 1: sign_div_unsign_dkh File: E:/Main/JuniorII/NonExam/FPGA/DE2Extra/par/de2os/db/sign_div_unsign_dkh.tdf Line: 25
Info (12021): Found 1 design units, including 1 entities, in source file db/alt_u_div_e4f.tdf
    Info (12023): Found entity 1: alt_u_div_e4f File: E:/Main/JuniorII/NonExam/FPGA/DE2Extra/par/de2os/db/alt_u_div_e4f.tdf Line: 27
Info (12021): Found 1 design units, including 1 entities, in source file db/add_sub_7pc.tdf
    Info (12023): Found entity 1: add_sub_7pc File: E:/Main/JuniorII/NonExam/FPGA/DE2Extra/par/de2os/db/add_sub_7pc.tdf Line: 23
Info (12021): Found 1 design units, including 1 entities, in source file db/add_sub_8pc.tdf
    Info (12023): Found entity 1: add_sub_8pc File: E:/Main/JuniorII/NonExam/FPGA/DE2Extra/par/de2os/db/add_sub_8pc.tdf Line: 23
Info (12130): Elaborated megafunction instantiation "expdemo_top:u_expdemo|adapt_exp10:u_e10|lpm_divide:Div0" File: E:/Main/JuniorII/NonExam/FPGA/DE2Extra/src/rtl/exp/adapt_exp10.vhd Line: 90
Info (12133): Instantiated megafunction "expdemo_top:u_expdemo|adapt_exp10:u_e10|lpm_divide:Div0" with the following parameter: File: E:/Main/JuniorII/NonExam/FPGA/DE2Extra/src/rtl/exp/adapt_exp10.vhd Line: 90
    Info (12134): Parameter "LPM_WIDTHN" = "7"
    Info (12134): Parameter "LPM_WIDTHD" = "4"
    Info (12134): Parameter "LPM_NREPRESENTATION" = "UNSIGNED"
    Info (12134): Parameter "LPM_DREPRESENTATION" = "UNSIGNED"
Info (12021): Found 1 design units, including 1 entities, in source file db/lpm_divide_ihm.tdf
    Info (12023): Found entity 1: lpm_divide_ihm File: E:/Main/JuniorII/NonExam/FPGA/DE2Extra/par/de2os/db/lpm_divide_ihm.tdf Line: 25
Info (12021): Found 1 design units, including 1 entities, in source file db/sign_div_unsign_akh.tdf
    Info (12023): Found entity 1: sign_div_unsign_akh File: E:/Main/JuniorII/NonExam/FPGA/DE2Extra/par/de2os/db/sign_div_unsign_akh.tdf Line: 25
Info (12021): Found 1 design units, including 1 entities, in source file db/alt_u_div_84f.tdf
    Info (12023): Found entity 1: alt_u_div_84f File: E:/Main/JuniorII/NonExam/FPGA/DE2Extra/par/de2os/db/alt_u_div_84f.tdf Line: 27
Info (12130): Elaborated megafunction instantiation "neorv32_wrapper:u_cpu|neorv32_top:u_neorv32|neorv32_cpu:\core_complex_gen:0:neorv32_cpu_inst|neorv32_cpu_alu:neorv32_cpu_alu_inst|neorv32_cpu_alu_muldiv:\neorv32_cpu_alu_muldiv_enabled:neorv32_cpu_alu_muldiv_inst|neorv32_prim_mul:\multiplier_core_parallel:multiplier_inst|lpm_mult:Mult0" File: E:/Main/JuniorII/NonExam/FPGA/DE2Extra/neorv32/rtl/core/neorv32_prim.vhd Line: 304
Info (12133): Instantiated megafunction "neorv32_wrapper:u_cpu|neorv32_top:u_neorv32|neorv32_cpu:\core_complex_gen:0:neorv32_cpu_inst|neorv32_cpu_alu:neorv32_cpu_alu_inst|neorv32_cpu_alu_muldiv:\neorv32_cpu_alu_muldiv_enabled:neorv32_cpu_alu_muldiv_inst|neorv32_prim_mul:\multiplier_core_parallel:multiplier_inst|lpm_mult:Mult0" with the following parameter: File: E:/Main/JuniorII/NonExam/FPGA/DE2Extra/neorv32/rtl/core/neorv32_prim.vhd Line: 304
    Info (12134): Parameter "LPM_WIDTHA" = "33"
    Info (12134): Parameter "LPM_WIDTHB" = "33"
    Info (12134): Parameter "LPM_WIDTHP" = "66"
    Info (12134): Parameter "LPM_WIDTHR" = "66"
    Info (12134): Parameter "LPM_WIDTHS" = "1"
    Info (12134): Parameter "LPM_REPRESENTATION" = "SIGNED"
    Info (12134): Parameter "INPUT_A_IS_CONSTANT" = "NO"
    Info (12134): Parameter "INPUT_B_IS_CONSTANT" = "NO"
    Info (12134): Parameter "MAXIMIZE_SPEED" = "5"
Info (12021): Found 1 design units, including 1 entities, in source file db/mult_86t.tdf
    Info (12023): Found entity 1: mult_86t File: E:/Main/JuniorII/NonExam/FPGA/DE2Extra/par/de2os/db/mult_86t.tdf Line: 31
Info (12130): Elaborated megafunction instantiation "vga_pixel_ctrl:u_vga_px|lpm_divide:Div0" File: E:/Main/JuniorII/NonExam/FPGA/DE2Extra/src/rtl/periph/vga_pixel_ctrl.vhd Line: 240
Info (12133): Instantiated megafunction "vga_pixel_ctrl:u_vga_px|lpm_divide:Div0" with the following parameter: File: E:/Main/JuniorII/NonExam/FPGA/DE2Extra/src/rtl/periph/vga_pixel_ctrl.vhd Line: 240
    Info (12134): Parameter "LPM_WIDTHN" = "10"
    Info (12134): Parameter "LPM_WIDTHD" = "7"
    Info (12134): Parameter "LPM_NREPRESENTATION" = "UNSIGNED"
    Info (12134): Parameter "LPM_DREPRESENTATION" = "UNSIGNED"
Info (12021): Found 1 design units, including 1 entities, in source file db/lpm_divide_vim.tdf
    Info (12023): Found entity 1: lpm_divide_vim File: E:/Main/JuniorII/NonExam/FPGA/DE2Extra/par/de2os/db/lpm_divide_vim.tdf Line: 25
Info (12021): Found 1 design units, including 1 entities, in source file db/sign_div_unsign_nlh.tdf
    Info (12023): Found entity 1: sign_div_unsign_nlh File: E:/Main/JuniorII/NonExam/FPGA/DE2Extra/par/de2os/db/sign_div_unsign_nlh.tdf Line: 25
Info (12021): Found 1 design units, including 1 entities, in source file db/alt_u_div_27f.tdf
    Info (12023): Found entity 1: alt_u_div_27f File: E:/Main/JuniorII/NonExam/FPGA/DE2Extra/par/de2os/db/alt_u_div_27f.tdf Line: 27
Info (12130): Elaborated megafunction instantiation "conway_engine:u_conway|lpm_divide:Mod1" File: E:/Main/JuniorII/NonExam/FPGA/DE2Extra/src/rtl/periph/conway_engine.vhd Line: 261
Info (12133): Instantiated megafunction "conway_engine:u_conway|lpm_divide:Mod1" with the following parameter: File: E:/Main/JuniorII/NonExam/FPGA/DE2Extra/src/rtl/periph/conway_engine.vhd Line: 261
    Info (12134): Parameter "LPM_WIDTHN" = "7"
    Info (12134): Parameter "LPM_WIDTHD" = "7"
    Info (12134): Parameter "LPM_NREPRESENTATION" = "UNSIGNED"
    Info (12134): Parameter "LPM_DREPRESENTATION" = "UNSIGNED"
Info (12130): Elaborated megafunction instantiation "conway_engine:u_conway|lpm_divide:Mod0" File: E:/Main/JuniorII/NonExam/FPGA/DE2Extra/src/rtl/periph/conway_engine.vhd Line: 261
Info (12133): Instantiated megafunction "conway_engine:u_conway|lpm_divide:Mod0" with the following parameter: File: E:/Main/JuniorII/NonExam/FPGA/DE2Extra/src/rtl/periph/conway_engine.vhd Line: 261
    Info (12134): Parameter "LPM_WIDTHN" = "8"
    Info (12134): Parameter "LPM_WIDTHD" = "8"
    Info (12134): Parameter "LPM_NREPRESENTATION" = "SIGNED"
    Info (12134): Parameter "LPM_DREPRESENTATION" = "SIGNED"
    Info (12134): Parameter "LPM_HINT" = "LPM_REMAINDERPOSITIVE=FALSE"
Info (12021): Found 1 design units, including 1 entities, in source file db/lpm_divide_ino.tdf
    Info (12023): Found entity 1: lpm_divide_ino File: E:/Main/JuniorII/NonExam/FPGA/DE2Extra/par/de2os/db/lpm_divide_ino.tdf Line: 25
Info (12021): Found 1 design units, including 1 entities, in source file db/abs_divider_aag.tdf
    Info (12023): Found entity 1: abs_divider_aag File: E:/Main/JuniorII/NonExam/FPGA/DE2Extra/par/de2os/db/abs_divider_aag.tdf Line: 27
Info (12021): Found 1 design units, including 1 entities, in source file db/alt_u_div_i4f.tdf
    Info (12023): Found entity 1: alt_u_div_i4f File: E:/Main/JuniorII/NonExam/FPGA/DE2Extra/par/de2os/db/alt_u_div_i4f.tdf Line: 27
Info (12021): Found 1 design units, including 1 entities, in source file db/lpm_abs_5v9.tdf
    Info (12023): Found entity 1: lpm_abs_5v9 File: E:/Main/JuniorII/NonExam/FPGA/DE2Extra/par/de2os/db/lpm_abs_5v9.tdf Line: 25
Warning (14284): Synthesized away the following node(s):
    Warning (14285): Synthesized away the following RAM node(s):
        Warning (14320): Synthesized away node "vga_text_terminal:u_vga|altsyncram:char_ram_rtl_0|altsyncram_qjk1:auto_generated|ram_block1a16" File: E:/Main/JuniorII/NonExam/FPGA/DE2Extra/par/de2os/db/altsyncram_qjk1.tdf Line: 551
        Warning (14320): Synthesized away node "vga_text_terminal:u_vga|altsyncram:char_ram_rtl_0|altsyncram_qjk1:auto_generated|ram_block1a17" File: E:/Main/JuniorII/NonExam/FPGA/DE2Extra/par/de2os/db/altsyncram_qjk1.tdf Line: 583
        Warning (14320): Synthesized away node "vga_text_terminal:u_vga|altsyncram:char_ram_rtl_0|altsyncram_qjk1:auto_generated|ram_block1a18" File: E:/Main/JuniorII/NonExam/FPGA/DE2Extra/par/de2os/db/altsyncram_qjk1.tdf Line: 615
        Warning (14320): Synthesized away node "vga_text_terminal:u_vga|altsyncram:char_ram_rtl_0|altsyncram_qjk1:auto_generated|ram_block1a19" File: E:/Main/JuniorII/NonExam/FPGA/DE2Extra/par/de2os/db/altsyncram_qjk1.tdf Line: 647
        Warning (14320): Synthesized away node "vga_text_terminal:u_vga|altsyncram:char_ram_rtl_0|altsyncram_qjk1:auto_generated|ram_block1a20" File: E:/Main/JuniorII/NonExam/FPGA/DE2Extra/par/de2os/db/altsyncram_qjk1.tdf Line: 679
        Warning (14320): Synthesized away node "vga_text_terminal:u_vga|altsyncram:char_ram_rtl_0|altsyncram_qjk1:auto_generated|ram_block1a21" File: E:/Main/JuniorII/NonExam/FPGA/DE2Extra/par/de2os/db/altsyncram_qjk1.tdf Line: 711
        Warning (14320): Synthesized away node "vga_text_terminal:u_vga|altsyncram:char_ram_rtl_0|altsyncram_qjk1:auto_generated|ram_block1a22" File: E:/Main/JuniorII/NonExam/FPGA/DE2Extra/par/de2os/db/altsyncram_qjk1.tdf Line: 743
        Warning (14320): Synthesized away node "vga_text_terminal:u_vga|altsyncram:char_ram_rtl_0|altsyncram_qjk1:auto_generated|ram_block1a23" File: E:/Main/JuniorII/NonExam/FPGA/DE2Extra/par/de2os/db/altsyncram_qjk1.tdf Line: 775
Warning (12241): 2 hierarchies have connectivity warnings - see the Connectivity Checks report folder
Info (13014): Ignored 210 buffer(s)
    Info (13016): Ignored 6 CARRY_SUM buffer(s)
    Info (13019): Ignored 204 SOFT buffer(s)
Warning (13039): The following bidirectional pins have no drivers
    Warning (13040): bidirectional pin "I2C_SDAT" has no driver File: E:/Main/JuniorII/NonExam/FPGA/DE2Extra/src/rtl/de2os_top.vhd Line: 89
Info (13000): Registers with preset signals will power-up high File: E:/Main/JuniorII/NonExam/FPGA/DE2Extra/neorv32/rtl/core/neorv32_uart.vhd Line: 35
Info (13003): DEV_CLRn pin will set, and not reset, register with preset signal due to NOT Gate Push-Back
Error (293007): Current module quartus_map ended unexpectedly. Verify that you have sufficient memory available to compile your design. You can view disk space and physical RAM requirements on the System and Software Requirements page of the Intel FPGA website (http://dl.altera.com/requirements/).
Error: Flow compile (for project E:/Main/JuniorII/NonExam/FPGA/DE2Extra/par/de2os/de2os) was not successful
Error: ERROR: Error(s) found while running an executable. See report file(s) for error message(s). Message log indicates which executable was run last.

Error (23031): Evaluation of Tcl script e:/software/intelfpga_lite/23.1std/quartus/common/tcl/internal/qsh_flow.tcl unsuccessful
Error: Quartus Prime Shell was unsuccessful. 4 errors, 136 warnings
    Error: Peak virtual memory: 4630 megabytes
    Error: Processing ended: Thu Jun  4 10:31:03 2026
    Error: Elapsed time: 00:18:49
    Error: Total CPU time (on all processors): 00:00:02
